name,price,stars
"KeFanta 60 Inch Mop Handle Commercial Heavy Duty,Industrial Metal Mop Stick Replacement Quick Change,Wet Mops Head Replacement Holder for Floor Cleaning,3 Pack",39,4.4 out of 5 stars
"59"" Mop Spring Commercial Mop Handle Pack of 2 Industrial Mop Steelhead with Wooden Handle Wet Mops for Floor Cleaning Heavy Duty",36,4.4 out of 5 stars
"YeYeBest Mop Handle Commercial Heavy Duty - 60 inch Metal Commercial Mop Stick, Adjustable for Industrial & Household Floor Cleaning, 1Pack",18,4.3 out of 5 stars
"KeFanta Metal Mop Handle Commercial Heavy Duty,58"" Industrial Mop Stick with Jaw Clamp,Wet Gripper Mops Head Replacement Holder for Floor Cleaning",17,4.6 out of 5 stars
"Thyle 6 Pack Stainless Steel Commercial Mop Handle for Floor Cleaning, 3 Section Replaceable Mop Stick Replacement with Jaw Clamp, Heavy Duty Mop Head Replacement Pole for Home Garage Office, 60 Inch",42,3.9 out of 5 stars
"O-Cedar Commercial CB965166 Quick-Change Mop Handle, 60"", Fiberglass, Yellow (Case of 6)",99,4.6 out of 5 stars
"Quick Change Metal Head Mop Handle for #20 and Up Heads, 63 Inch Wood Handle (605)",21,4.5 out of 5 stars
"Winco Plastic Side Release Mop Handle, 57-Inch",19,4.0 out of 5 stars
"Rubbermaid Commercial Products Invader 60"" Heavy Duty Fiberglass Wet Mop Handle, Gray, for Professional/Industrial Floor Cleaning, Compatible with 1"" Headband Mops",29,4.5 out of 5 stars
"Boardwalk Spring Grip Metal Head Mop Handle for Most Mop Heads, Wood, 60"", Natural",21,4.4 out of 5 stars
"Boardwalk BWK834 Lie-Flat Screw-in Mop Handle, Lacquered Wood, 1 1/8"" Diameter x 60"" Length, Natural",16,4.3 out of 5 stars
"Spin Mop Replacement Handle, 4-Section 30-to-58 inch Mop Replacement Stick Compatible with Ocedar Mop Handle for Easy Wring Mop Refills, Germany Screw Joint(Mop Head&Base not Include)",9,4.6 out of 5 stars
"Rubbermaid Commercial Products Invator Wet Mop Handle, 60-Inch, Aluminum, Heavy Duty Mop for Industrial/Household Floor Cleaning, Quick Change Head",29,4.7 out of 5 stars
"Rubbermaid Commercial Products 60"" Snap-On Fiberglass Dust Mop Handle, Gray, for Janitorial/Professional Use",26,4.5 out of 5 stars
"Dust Mop Handles - 6 Pack | 72"" Aluminum extendable Clip-on",79,
Dandat 14 Pack Commercial Mop Handles Bulk Iron Mopping Tube 64 inch Heavy Duty Mop Stick Replacement Adjustable Mop Handle Wet Mop Handle for Industrial Household Floor Cleaning Jaw Clamp Style,89,4.2 out of 5 stars
Rubbermaid RCPH246GY Fiberglass Gripper Mop Handle,32,4.2 out of 5 stars
Matthew Cleaning Commercial Quick-Change Iron Mop Handle for Floor Cleaning Heavy Duty Mop Stick Replacement 60inch Jaw Clamp-Style Wet Mop Handle 6 Packs,71,4.2 out of 5 stars
O-Cedar Genuine Spin Mop Replacement Handle for EasyWring and EasyWring Rinse Clean,19,4.5 out of 5 stars
"Quick Change Side-Latch Plastic Mop Handle, 60in, Aluminum Handle, Yellow",20,4.1 out of 5 stars
"O-Cedar CB965166EA Quick-Change Mop Handle, 60-Inch , Fiberglass, Yellow",27,3.5 out of 5 stars
Nuogo 10 Pcs Mop Handle Commercial Heavy Duty 62 Inch Metal Mop Stick Replacement Yellow Replaceable Mop Stick with Jaw Clamp for Industrial and Household Floor Cleaning(Mop Head Not Included),54,3.3 out of 5 stars
"Genuine Joe Quick Change Mop Handle, 65""",22,4.5 out of 5 stars
Suclain 4 Pcs Clip on Dust Mop Handle with Chuck 51.18 Inch Stainless Steel Flexible Maneuvering Mop Stick Replacement for Home Restaurant Kitchen Office Bathroom Wood Laminate Tile Floor Cleaning,36,4.5 out of 5 stars
name,price,stars
"KeFanta 60 Inch Mop Handle Commercial Heavy Duty,Industrial Metal Mop Stick Replacement Quick Change,Wet Mops Head Replacement Holder for Floor Cleaning,3 Pack",39,4.4 out of 5 stars
"59"" Mop Spring Commercial Mop Handle Pack of 2 Industrial Mop Steelhead with Wooden Handle Wet Mops for Floor Cleaning Heavy Duty",36,4.4 out of 5 stars
"YeYeBest Mop Handle Commercial Heavy Duty - 60 inch Metal Commercial Mop Stick, Adjustable for Industrial & Household Floor Cleaning, 1Pack",18,4.3 out of 5 stars
"KeFanta Metal Mop Handle Commercial Heavy Duty,58"" Industrial Mop Stick with Jaw Clamp,Wet Gripper Mops Head Replacement Holder for Floor Cleaning",17,4.6 out of 5 stars
"Thyle 6 Pack Stainless Steel Commercial Mop Handle for Floor Cleaning, 3 Section Replaceable Mop Stick Replacement with Jaw Clamp, Heavy Duty Mop Head Replacement Pole for Home Garage Office, 60 Inch",42,3.9 out of 5 stars
"O-Cedar Commercial CB965166 Quick-Change Mop Handle, 60"", Fiberglass, Yellow (Case of 6)",99,4.6 out of 5 stars
"Quick Change Metal Head Mop Handle for #20 and Up Heads, 63 Inch Wood Handle (605)",21,4.5 out of 5 stars
"Winco Plastic Side Release Mop Handle, 57-Inch",19,4.0 out of 5 stars
"Rubbermaid Commercial Products Invader 60"" Heavy Duty Fiberglass Wet Mop Handle, Gray, for Professional/Industrial Floor Cleaning, Compatible with 1"" Headband Mops",29,4.5 out of 5 stars
"Boardwalk Spring Grip Metal Head Mop Handle for Most Mop Heads, Wood, 60"", Natural",21,4.4 out of 5 stars
"Boardwalk BWK834 Lie-Flat Screw-in Mop Handle, Lacquered Wood, 1 1/8"" Diameter x 60"" Length, Natural",16,4.3 out of 5 stars
"Spin Mop Replacement Handle, 4-Section 30-to-58 inch Mop Replacement Stick Compatible with Ocedar Mop Handle for Easy Wring Mop Refills, Germany Screw Joint(Mop Head&Base not Include)",9,4.6 out of 5 stars
"Rubbermaid Commercial Products Invator Wet Mop Handle, 60-Inch, Aluminum, Heavy Duty Mop for Industrial/Household Floor Cleaning, Quick Change Head",29,4.7 out of 5 stars
"Rubbermaid Commercial Products 60"" Snap-On Fiberglass Dust Mop Handle, Gray, for Janitorial/Professional Use",26,4.5 out of 5 stars
"Dust Mop Handles - 6 Pack | 72"" Aluminum extendable Clip-on",79,
Dandat 14 Pack Commercial Mop Handles Bulk Iron Mopping Tube 64 inch Heavy Duty Mop Stick Replacement Adjustable Mop Handle Wet Mop Handle for Industrial Household Floor Cleaning Jaw Clamp Style,89,4.2 out of 5 stars
Rubbermaid RCPH246GY Fiberglass Gripper Mop Handle,32,4.2 out of 5 stars
Matthew Cleaning Commercial Quick-Change Iron Mop Handle for Floor Cleaning Heavy Duty Mop Stick Replacement 60inch Jaw Clamp-Style Wet Mop Handle 6 Packs,71,4.2 out of 5 stars
O-Cedar Genuine Spin Mop Replacement Handle for EasyWring and EasyWring Rinse Clean,19,4.5 out of 5 stars
"Quick Change Side-Latch Plastic Mop Handle, 60in, Aluminum Handle, Yellow",20,4.1 out of 5 stars
"O-Cedar CB965166EA Quick-Change Mop Handle, 60-Inch , Fiberglass, Yellow",27,3.5 out of 5 stars
Nuogo 10 Pcs Mop Handle Commercial Heavy Duty 62 Inch Metal Mop Stick Replacement Yellow Replaceable Mop Stick with Jaw Clamp for Industrial and Household Floor Cleaning(Mop Head Not Included),54,3.3 out of 5 stars
"Genuine Joe Quick Change Mop Handle, 65""",22,4.5 out of 5 stars
Suclain 4 Pcs Clip on Dust Mop Handle with Chuck 51.18 Inch Stainless Steel Flexible Maneuvering Mop Stick Replacement for Home Restaurant Kitchen Office Bathroom Wood Laminate Tile Floor Cleaning,36,4.5 out of 5 stars
4-Section 4.8ft. Stainless Steel Pole Mop Replacement Handle Compatible with All Cleaning Head with American Threading System,9,4.1 out of 5 stars
"Mop Handle Replacement for Ocedar 4 Section Spin Mop Handle Compatible with Ocedar Spin Mop Refills and Brooms, 30"" to 58"" Cedar Mop Stick for Floor Cleaning, American Threaded Joint",9,4.4 out of 5 stars
"Spin Mop Replacement Handle - 4 Section Mop or Broom Handle/Stick Compatible with O Cedar Spin Mop Refills and Brooms, 30"" to 59"", American Threaded Joint End (Mop Head Not Included)",9,4.5 out of 5 stars
"Qulable Spin Mop Replacement Handle - 4-Section 30"" to 58"" Mop Handle Replacement Stick Compatible with O-Ceda Spin Mop, EasyWring Mop Handle for Floor Cleaning(Mop Head&Base not Include) (Red)",12,4.5 out of 5 stars
"Mop Handle Replacement,4 Section Compatible with O-Cedar Spin Mop Refills and Brooms O Cedar Mop Stick for Floor Clean, 30"""" to 58"""", Red",7,4.3 out of 5 stars
4-Section Spin Mop Replacement Handle- 2.5-5 Foot Mop Handle Replacement Stick Only Compatible with O Cedar EasyWring Spin Mop Base (Mop Head Not Included),9,4.4 out of 5 stars
"Rubbermaid Commercial Products Invader 54"" Wood Wet Mop Handle, Natural, for Professional/Industrial Floor Cleaning, Compatible with 1"" Headband Mops for House/Offices/Commercial Environments",,4.4 out of 5 stars
"Rubbermaid Commercial Products Invader 60"" Wood Wet Mop Handle, Natural, for Professional/Industrial Floor Cleaning, Compatible with 1"" Headband Mops",,4.4 out of 5 stars
"Mop Handle Replacement for Oceda 4 Section Mop Replace Handle Compatible with O-Ceda Spin Mop Refills and Brooms Cedar Mop Stick for Floor Clean, 30"" to 58"", American Thread Joint",9,4.2 out of 5 stars
"Restaurantware-Handle ONLY: Clean Tek Professional 60 Inch Wet Mop Handle, 1 Quick Change Mop Stick - Mop Head Sold Separately, Ergonomic Grip, Green Iron Mop Handle, for Home and Commercial Use",16,
"JOYMOOP Mop Handle Extension Rods, for Extending & Replacing Flat Mop, Stainless Steel Mop Handle Rods, Pack of 2 pcs Rods",9,4.6 out of 5 stars
"Mop Replacement Handle Compatible with Ocedar Mop Head and Broom, 4-Section 30"" to 58"" Spin Mop Stick Compatible with O Cedar Mop Replace Base (Mop Base&Refill not Included)",8,4.5 out of 5 stars
"Replacement Spin Mop Handle, Upgraded Reinforced Locking 360° Spinning Adjustable Cleaning Mop, 2 Reinforced Locking Telescopic Rods + 3 Microfiber Mop Refills + 1 Stainless Steel Tray, Gray Blue",28,4.0 out of 5 stars
"Mop Handle Commercial Heavy Duty, 60 inch Metal Commercial Mop Stick,Side Gate Mop Head Replacement Holder for Floor Cleaning,Clamp Mop Handles Quick Change for Wet Mop (1)",16,4.2 out of 5 stars
"Spin Mop Replacement Handle, 4 Section 30 Inch to 58 Inch Stainless Steel Mop Replacement Handle for O-Ceda Spin Mop EasyWring Triangle Spin Handle for Floor Cleaning（Black）",13,4.2 out of 5 stars
"Boardwalk Lie-Flat Screw-in Mop Handle, Lacquered Wood, 1.13"" Dia x 54"", Natural",14,5.0 out of 5 stars
"Mop Handle Commercial Heavy Duty - 60 inch Metal Commercial Mop Stick,Side Gate Mop Head Replacement Holder for Floor Cleaning,Clamp Mop Handle Quick Change for Wet Mop (2)",36,5.0 out of 5 stars
"Rubbermaid Commercial Products HYGEN Quick-Connect Adjustable Extension Handle/Pole, Lightweight Cleaning Tool for Floors/Walls/Ceilings/Windows for Janitorial/Residential/Commercial/Business, Yellow",28,4.7 out of 5 stars
"Mop Handle Replacement Compatible with swiffer mop, Mop Stick Compatible with swiffer Sweeper Mop, 4-Section 44"" Mop Handle Replacement Stick (Mop Head&Base not Include)",12,3.3 out of 5 stars
"4 Section Spin Mop Replacement Handle, 30-58 inch Handle/Stick Compatible with EasyWring 1-Tank System, Mop Handle for RinseClean 2-Tank, American Threaded Joint End (Not Included Mop Head)",8,4.4 out of 5 stars
"Spin Mop Replacement Handle for O-Cedar, 4-Section 30"" to 58"" Mop Stick Compatible with O-Cedar Spin Mop & Bucket System，EasyWring Mop Handle for Floor Cleaning, Mop Head & Base not Include",9,4.3 out of 5 stars
Spin Mop Replacement Handle 360 Degree Spin Mop Pole Handle Replacement Rotating Telescopic Handle Stick for Replacement Spinning Household Cleaning Accessories for Home(Cute Blue),24,3.7 out of 5 stars
4-Section 1.3 ft. to 5.2 ft. Stainless Steel Pole Mop Replacement Handle Standard American Threading Compatible with All Cleaning Head with American Threading System,9,4.1 out of 5 stars
"Invader Fiberglass Side-Gate Wet-Mop Handle, 60quot, Red/Yellow",28,
"Matthew Cleaning Quick Change Commercial Metal Frame Mop Handle and Up Heads, 60"" Wood Handle Industrial Grade, Easy Change Steelhead for Wet Mop with Wooden Handle, Floor Cleaning Heavy Duty -6Pack",91,
"COCONUT Mop Handle Commercial Heavy Duty, 60 inch Mop Stick Replacement Metal Adjustable Mop Pole for Industrial Household Floor Cleaning, 1 Pack",19,3.9 out of 5 stars
"Stainless Steel Mop Handle 61"" to 70"" Long - Heavy Duty Spin Mop Replacement Stick - Commercial & Industrial Use Suitable for Home, Office, Hospitals, Hotels for Floor Cleaning",25,
Alpine Commercial Iron Mop Handle for Floor Cleaning - Quick Change Professional Mopping Stick Or Mop Head Replacement Pole W Metal Handle (Fiberglass Jaw Clamp),19,4.4 out of 5 stars
Mop Accessories Replacement for O-Ceda Spin Mop Handle x1 pcs (Handle+Base),21,4.4 out of 5 stars
"Carlisle FoodService Products 36201300 Dust Mop Handle, 60"", Blue",28,4.7 out of 5 stars
"Spring Grip Metal Head Mop Handle for Most Mop Heads, 60 Inch Wood Handle (609)",24,3.7 out of 5 stars
"Boardwalk 1490 Clip-On Dust Mop Handle, Lacquered Wood, Swivel Head, 1"" Dia. x 60in Long",,4.6 out of 5 stars
"Quick Change Side-Latch Plastic Mop Head Handle - 60, Aluminum Handle, Yellow(sold in packs of 3)",35,
"Libman Commercial 985 Dust Mop Handle, Steel (Pack of 6), Chrome",88,3.3 out of 5 stars
"60"" Heavy Duty Fiberglass Wet Mop Handle，Screw Clamp Mop Handle, Aluminum Rod, 60”, Heavy Duty Commercial Industrial Mop Handle for Floor Cleaning-Green",22,4.5 out of 5 stars
"Carlisle FoodService Products Telescopic Mop Handle for Flat Head Mops for Floor Cleaning, Home, Kitchen, Restaurants, Office, And Janitorial Use, Aluminum, 43 - 70 Inches, Silver",18,4.3 out of 5 stars
"SPARTA Jaw Clamp Dust Mop Handle, Floor Dust Mop Frame Handle, Gripper Holder with Clip-On Connector for Floor Cleaning, Janitorial Supplies, Commercial Use, 60 Inches, Yellow",32,5.0 out of 5 stars
"SPARTA Jaw Clamp Dust Mop Handle, Floor Dust Mop Frame Handle, Gripper Holder with Clip-On Connector for Floor Cleaning, Janitorial Supplies, Commercial Use, 60 Inches, Orange",16,2.0 out of 5 stars
"Mop Replacement Handle - Stainless Steel Mop/Broom/Brush Replace Handle Compatible with O Cedar Spin Mop Head Refills, 4 Sections Combinable from 35"" to 59"", American Threaded End Joint",9,4.4 out of 5 stars
"SPARTA Jaw Clamp Dust Mop Handle, Floor Dust Mop Frame Handle, Gripper Holder with Clip-On Connector for Floor Cleaning, Janitorial Supplies, Commercial Use, 60 Inches, Blue",30,4.5 out of 5 stars
"60"" Fiberglass Mop Handle with Polypropylene Quick Connector for Wet Mops",15,
"Spin Mop Replacement Mop Handle, 47.6-inch 360 Degrees Rotating Telescopic Replacement Mop Stick with Robust Reinforced Plastic Disc for Spin Mop Bucket Cleaning System (Plastic Disc,Blue)",13,4.0 out of 5 stars
"Spin Mop Replacement Handle, Upgraded Reinforced Locking 360° Spinning Adjustable Cleaning Mop, 2 Reinforced Locking Telescopic Rods + 3 Reusable Microfiber Mop Refills + 1 Stainless Steel Tray",29,3.0 out of 5 stars
"Lightweight Adjustable & Extendable Aluminum Mop Pole with Ergonomic Handle 33 to 59 inches for Hard-to-Reach Areas, Ideal for Home and Commercial Cleaning",21,4.3 out of 5 stars
"Mop Handle Compatible with Swiffer,Detachable Extra Long Dry and Dust Mop Handle Fits for Swiffer(Mopping Cloths Not Included)",15,4.2 out of 5 stars
"Boardwalk UNS 601 BWK601 Quick Change Metal Head Wooden Mop Handle, Junior, 7/8"" Diameter x 54"", Natural (Pack of 6)",15,4.1 out of 5 stars
"Matthew Easy Trigger Release Mop Handle 60 inch Fiberglass Mop Stick,Commercial Mop Head Replacement Holder for Floor Cleaning,Clip On Mop Handle Quick Change for Wet Mop Handle - 12Pack Yellow",108,
"Rubbermaid Commercial Products Standard Quick-Connect Steel Mop Handle, 52-Inch, Yellow, Compatible with Rubbermaid Quick-Connect Mop Frames and Dusters for Floor Cleaning, Pack of 6",82,5.0 out of 5 stars
"Spin Mop Pole Handle Replacement, Home Floor 360 Degrees Rotating Telescopic Replacement Handle Cleaning Tool Accessories Enhanced Thickened Version for Cleaning Home Bedroom Office (Green)",14,4.0 out of 5 stars
"Spin Mop Replacement Handle - 4-Section 58"" Mop Replacement Stick Compatible with O-Cedar Vileda Triangle Spin Mop Base - Easy Wring Mop Handle Mop Pole for Floor Cleaning",9,4.3 out of 5 stars
"Genuine Joe Metal Sure Grip Mop Handle, 60""",32,3.6 out of 5 stars
Genuine Joe Speed Change Mop Handle,22,4.5 out of 5 stars
"4-Section Spin Mop Replacement Handle, Mop Handle Compatible with Ocedar Spin Mop, 2.5-to-5 Foot Easy Cleaning Floor Mop Stick for Floor Cleaning",11,4.5 out of 5 stars
MREO O-Ceda Mop Handle Replacement for O-ceda Spin Mop Handle 1pcs Base 2pcs,23,4.4 out of 5 stars
Matthew Cleaning Commercial Quick-Change Iron Mop Handle for Floor Cleaning Heavy Duty Mop Stick Replacement 60inch Jaw Clamp-Style Wet Mop Gripper Holder Handle 6 Packs,119,
"Sliner 6 Pcs Clip on Dust Mop Handle 51.2 Inch Mop Stick Replacement, Swivel Head for Household Wet and Dry Mops, Cleaning Supplies",38,2.9 out of 5 stars
Spin Mop Handle & Mop Head Attachment Replacement,35,4.0 out of 5 stars
"Rubbermaid H246BLU Gripper Fiberglass Mop Handle 60"" Blue/Yellow",29,
"Quick-Change Mop Handle, 60"", Fiberglass, Yellow",25,5.0 out of 5 stars
"4-Section Spin Mop Replacement Handle, Mop Handle Replacement Stick Compatible with Easywring Mop Handle, 30"" to 58"", Easy Floor Cleaning (Mop Head&Base not Included)",8,
"Rubbermaid Commercial Products Gripper Clamp-Style Wet Mop Handle, 60-Inch, Aluminum, Heavy Duty Mop Head Replacement for Industrial/Household Floor Cleaning, Pack of 12",324,
"Spin Mop Replacement Mop Handle, 360 Degrees Rotating Telescopic Replacement Mop Stick with Robust Reinforced Plastic Disc for Spin Mop Bucket Cleaning System (Stainless Steel,Black)",12,
IMIKEYA Mop Rod Chuck Replacement Mop Pole Clamp Mop Head Replacement Clamp Mop Stick Clip Mop Handle Clamp Mop Accessory Rod Clip Dust Putter Stainless Steel to Rotate Aluminum Alloy,12,5.0 out of 5 stars
"Rubbermaid Commercial H116 Invader Side-Gate Wood Wet-Mop Handle, 1 dia x 60, Natural",,4.4 out of 5 stars
"Tough Guy Mop Handle, Janitor Wing Nut, 60""",,
"Weiler 75132 54"" Wet Mop Handle, Spring Type, Made in The USA (Pack of 12)",288,
Clip-On Dust Mop Handle,,4.4 out of 5 stars
"UNS603 Screw Clamp Metal Head Wooden Mop Handle, #20 and Up, 1 1/8"" Dia. x 63""",21,
"Mop Handle Extension Rods, for Extending Flat Mop, Mop Replacement Handle, Adjustable Steel Mop Handle Rods, 5 Pack",9,3.6 out of 5 stars
"O-Cedar Commercial 96516 Quick Change Mop Stick, Fiberglass Handle , Yellow",21,4.3 out of 5 stars
"Telescopic Replacement Handle,American Thread 22mm Metal Mop Handles,Rugged Replacement Handle for Rake,Broom Handle (extends from 30"" to 57"")",12,3.9 out of 5 stars
Twist and Shout Mop - Extra Set of Handle,24,4.2 out of 5 stars
name,price,stars
"OFO Loop-End String Mop, Heavy Duty Commercial Industrial Mop with Extra Mop Head Replacement, 59 inch Handle for Floor Cleaning",,4.5 out of 5 stars
"2 Spin Mop Head Replacement, 1 Base, 1 Mop Handle (30-58in) Combo Mop Set Compatible with OCedar EasyWring Microfiber Mop (White (1-Tank System))",,4.6 out of 5 stars
"YeYeBest Mop Handle Commercial Heavy Duty - 60 inch Metal Commercial Mop Stick, Adjustable for Industrial & Household Floor Cleaning, 1Pack",,4.3 out of 5 stars
"YeYeBest Mop Handle Commercial Heavy Duty - 60 inch Metal Commercial Mop Stick, Adjustable for Industrial & Household Floor Cleaning, 1Pack",,4.3 out of 5 stars
"Thyle 6 Pack Stainless Steel Commercial Mop Handle for Floor Cleaning, 3 Section Replaceable Mop Stick Replacement with Jaw Clamp, Heavy Duty Mop Head Replacement Pole for Home Garage Office, 60 Inch",,3.9 out of 5 stars
"Quick Change Metal Head Mop Handle for #20 and Up Heads, 63 Inch Wood Handle (605)",,4.5 out of 5 stars
4-Section Spin Mop Replacement Handle- 2.5-5 Foot Mop Handle Replacement Stick Only Compatible with O Cedar EasyWring Spin Mop Base (Mop Head Not Included),,4.4 out of 5 stars
4-Section 4.8ft. Stainless Steel Pole Mop Replacement Handle Compatible with All Cleaning Head with American Threading System,,4.1 out of 5 stars
"Spin Mop Replacement Handle - 4 Section Mop or Broom Handle/Stick Compatible with O Cedar Spin Mop Refills and Brooms, 30"" to 59"", American Threaded Joint End (Mop Head Not Included)",,4.5 out of 5 stars
"Mop Handle Replacement for Ocedar 4 Section Spin Mop Handle Compatible with Ocedar Spin Mop Refills and Brooms, 30"" to 58"" Cedar Mop Stick for Floor Cleaning, American Threaded Joint",,4.4 out of 5 stars
"YeYeBest Mop Handle Commercial Heavy Duty - 60 inch Metal Commercial Mop Stick, Adjustable for Industrial & Household Floor Cleaning, 1Pack",,4.3 out of 5 stars
"O-Cedar Commercial CB965166 Quick-Change Mop Handle, 60"", Fiberglass, Yellow (Case of 6)",,4.6 out of 5 stars
"60 Inch Mop Handle Commercial Heavy Duty,Industrial Metal Mop Stick Replacement Quick Change,Clamp Mop Handle Quick Change for Wet Mop,Industrial Mop Handle for Floor Cleaning",,4.5 out of 5 stars
"Spin Mop Replacement Handle, 4-Section 30-to-58 inch Mop Replacement Stick Compatible with Ocedar Mop Handle for Easy Wring Mop Refills, Germany Screw Joint(Mop Head&Base not Include)",,4.6 out of 5 stars
"Boardwalk BWK834 Lie-Flat Screw-in Mop Handle, Lacquered Wood, 1 1/8"" Diameter x 60"" Length, Natural",,4.3 out of 5 stars
Nuogo 10 Pcs Mop Handle Commercial Heavy Duty 62 Inch Metal Mop Stick Replacement Yellow Replaceable Mop Stick with Jaw Clamp for Industrial and Household Floor Cleaning(Mop Head Not Included),,3.3 out of 5 stars
"O-Cedar CB965166EA Quick-Change Mop Handle, 60-Inch , Fiberglass, Yellow",,3.5 out of 5 stars
"Commercial Mop Heavy Duty Industrial Mop with Long Handle,59"" Looped-End String Wet Cotton Mops for Floor Cleaning, Including Three mop Head Replacement",,4.6 out of 5 stars
"String Mop Heavy Duty for Floor Cleaning- Industrial Commercial Mop with 59inch Mop Handle, Wet Mop for Home,Garage,Office, Workshop, Warehouse Floor Cleaning",,4.3 out of 5 stars
4-Section Spin Mop Replacement Handle- 2.5-5 Foot Mop Handle Replacement Stick Only Compatible with O Cedar EasyWring Spin Mop Base (Mop Head Not Included),,4.4 out of 5 stars
"Quick Change Side-Latch Plastic Mop Handle, 60in, Aluminum Handle, Yellow",,4.1 out of 5 stars
"Genuine Joe Quick Change Mop Handle, 65""",,4.5 out of 5 stars
4-Section 4.8ft. Stainless Steel Pole Mop Replacement Handle Compatible with All Cleaning Head with American Threading System,,4.1 out of 5 stars
Rubbermaid RCPH246GY Fiberglass Gripper Mop Handle,,4.2 out of 5 stars
O-Cedar Genuine Spin Mop Replacement Handle for EasyWring and EasyWring Rinse Clean,,4.5 out of 5 stars
"Qulable Spin Mop Replacement Handle - 4-Section 30"" to 58"" Mop Handle Replacement Stick Compatible with O-Ceda Spin Mop, EasyWring Mop Handle for Floor Cleaning(Mop Head&Base not Include) (Red)",,4.5 out of 5 stars
"Mop Handle Commercial Heavy Duty - 60 inch Metal Commercial Mop Stick,Side Gate Mop Head Replacement Holder for Floor Cleaning,Clamp Mop Handle Quick Change for Wet Mop (2)",,5.0 out of 5 stars
"Mop Handle Commercial Heavy Duty, 60 inch Metal Commercial Mop Stick,Side Gate Mop Head Replacement Holder for Floor Cleaning,Clamp Mop Handles Quick Change for Wet Mop (1)",,4.2 out of 5 stars
"Spin Mop Replacement Handle - 4 Section Mop or Broom Handle/Stick Compatible with O Cedar Spin Mop Refills and Brooms, 30"" to 59"", American Threaded Joint End (Mop Head Not Included)",,4.5 out of 5 stars
"Mop Handle Replacement,4 Section Compatible with O-Cedar Spin Mop Refills and Brooms O Cedar Mop Stick for Floor Clean, 30"""" to 58"""", Red",,4.3 out of 5 stars
"Mop Handle Replacement for Ocedar 4 Section Spin Mop Handle Compatible with Ocedar Spin Mop Refills and Brooms, 30"" to 58"" Cedar Mop Stick for Floor Cleaning, American Threaded Joint",,4.4 out of 5 stars
"Spin Mop Replacement Handle, 4 Section 30 Inch to 58 Inch Stainless Steel Mop Replacement Handle for O-Ceda Spin Mop EasyWring Triangle Spin Handle for Floor Cleaning（Black）",,4.2 out of 5 stars
"Mop Handle Replacement for Oceda 4 Section Mop Replace Handle Compatible with O-Ceda Spin Mop Refills and Brooms Cedar Mop Stick for Floor Clean, 30"" to 58"", American Thread Joint",,4.2 out of 5 stars
"Stainless Steel Mop Handle 61"" to 70"" Long - Heavy Duty Spin Mop Replacement Stick - Commercial & Industrial Use Suitable for Home, Office, Hospitals, Hotels for Floor Cleaning",,
4-Section Spin Mop Replacement Handle- 2.5-5 Foot Mop Handle Replacement Stick Only Compatible with O Cedar EasyWring Spin Mop Base (Mop Head Not Included),,4.4 out of 5 stars
"15"" Microfiber Mops for Floor Cleaning, Floor Mops with 4 Washable Pads & Stainless Steel Long Handle, Professional Home Commercial Wood Floor Mop for Tiles Vinyl Wood Hardwood",,4.5 out of 5 stars
"Mop Head Replacement Commercial Heavy Duty String Blue Wet Mop Heads for 3 Typs Commercial Mop Handle(3,Medium)",,4.3 out of 5 stars
"Mop Head Replacement Commercial Heavy Duty String Blue Wet Mop Heads for 3 Typs Commercial Mop Handle(4 pcs,Medium,Weight 16oz)",,5.0 out of 5 stars
"Mop Head Replacement Commercial Heavy Duty String Blue Wet Mop Heads for 3 Typs Commercial Mop Handle(3,Large)",,4.5 out of 5 stars
"Mop Head Replacement Commercial Heavy Duty String Blue Wet Mop Heads for 3 Typs Commercial Mop Handle(4 pcs,Large,Weight 23oz)",,5.0 out of 5 stars
"Mop Head Replacement Commercial Heavy Duty String Blue Wet Mop Heads for 3 Typs Commercial Mop Handle(6,Large,Weight 23oz)",,4.4 out of 5 stars
"Replacement Spin Mop Handle, Upgraded Reinforced Locking 360° Spinning Adjustable Cleaning Mop, 2 Reinforced Locking Telescopic Rods + 3 Microfiber Mop Refills + 1 Stainless Steel Tray, Gray Blue",,4.0 out of 5 stars
"COCONUT Mop Handle Commercial Heavy Duty, 60 inch Mop Stick Replacement Metal Adjustable Mop Pole for Industrial Household Floor Cleaning, 1 Pack",,3.9 out of 5 stars
"Spring Grip Metal Head Mop Handle for Most Mop Heads, 60 Inch Wood Handle (609)",,3.7 out of 5 stars
"Spin Mop Replacement Handle - 4 Section Mop or Broom Handle/Stick Compatible with O Cedar Spin Mop Refills and Brooms, 30"" to 59"", American Threaded Joint End (Mop Head Not Included)",,4.5 out of 5 stars
"Spin Mop Replacement Handle, 4-Section 30-to-58 inch Mop Replacement Stick Compatible with Ocedar Mop Handle for Easy Wring Mop Refills, Germany Screw Joint(Mop Head&Base not Include)",,4.6 out of 5 stars
"Mop Replacement Handle Compatible with Ocedar Mop Head and Broom, 4-Section 30"" to 58"" Spin Mop Stick Compatible with O Cedar Mop Replace Base (Mop Base&Refill not Included)",,4.5 out of 5 stars
"Qulable Spin Mop Replacement Handle - 4-Section 30"" to 58"" Mop Handle Replacement Stick Compatible with O-Ceda Spin Mop, EasyWring Mop Handle for Floor Cleaning(Mop Head&Base not Include) (Red)",,4.5 out of 5 stars
4-Section 1.3 ft. to 5.2 ft. Stainless Steel Pole Mop Replacement Handle Standard American Threading Compatible with All Cleaning Head with American Threading System,,4.1 out of 5 stars
"Mop Replacement Handle Compatible with Ocedar Mop Head and Broom, 4-Section 30"" to 58"" Spin Mop Stick Compatible with O Cedar Mop Replace Base (Mop Base&Refill not Included)",,4.5 out of 5 stars
"Boardwalk Spring Grip Metal Head Mop Handle for Most Mop Heads, Wood, 60"", Natural",,4.4 out of 5 stars
"Rubbermaid Commercial Products Invader 54"" Wood Wet Mop Handle, Natural, for Professional/Industrial Floor Cleaning, Compatible with 1"" Headband Mops for House/Offices/Commercial Environments",,4.4 out of 5 stars
"Rubbermaid Commercial Products Invader 60"" Wood Wet Mop Handle, Natural, for Professional/Industrial Floor Cleaning, Compatible with 1"" Headband Mops",,4.4 out of 5 stars
"Rubbermaid Commercial Products Invator Wet Mop Handle, 60-Inch, Aluminum, Heavy Duty Mop for Industrial/Household Floor Cleaning, Quick Change Head",,4.7 out of 5 stars
4-Section 1.3 ft. to 5.2 ft. Stainless Steel Pole Mop Replacement Handle Standard American Threading Compatible with All Cleaning Head with American Threading System,,4.1 out of 5 stars
"4 Section Spin Mop Replacement Handle, 30-58 inch Handle/Stick Compatible with EasyWring 1-Tank System, Mop Handle for RinseClean 2-Tank, American Threaded Joint End (Not Included Mop Head)",,4.4 out of 5 stars
"Spin Mop Replacement Handle for O-Cedar, 4-Section 30"" to 58"" Mop Stick Compatible with O-Cedar Spin Mop & Bucket System，EasyWring Mop Handle for Floor Cleaning, Mop Head & Base not Include",,4.3 out of 5 stars
"Rubbermaid Commercial Products HYGEN Quick-Connect Adjustable Extension Handle/Pole, Lightweight Cleaning Tool for Floors/Walls/Ceilings/Windows for Janitorial/Residential/Commercial/Business, Yellow",,4.7 out of 5 stars
"Mop Handle, 61"" Wet Mops Heavy Duty Loop-end String Mop Head Surface Floor Cleaner with Stainless Steel Hard Pole Commercial Industrial Grade Mop",,4.7 out of 5 stars
"Matthew Microfiber Cloth Mop Compatible with Ceda Microfiber Cloth Mop Refill Commercial Mop Replacement 54"" Stainless Steel Handle with 2 Wet Mop Heads w/1 Handle Incl.2Pcs Microfiber Cloth-Blue",,4.4 out of 5 stars
Spin Mop Replacement Handle 360 Degree Spin Mop Pole Handle Replacement Rotating Telescopic Handle Stick for Replacement Spinning Household Cleaning Accessories for Home(Cute Blue),,3.7 out of 5 stars
"Mop Handle Replacement Compatible with swiffer mop, Mop Stick Compatible with swiffer Sweeper Mop, 4-Section 44"" Mop Handle Replacement Stick (Mop Head&Base not Include)",,3.3 out of 5 stars
"Rubbermaid Commercial Products 60"" Snap-On Wood Dust Mop Handle, Natural, for Janitorial/Professional Use",,4.5 out of 5 stars
"Boardwalk UNS 601 BWK601 Quick Change Metal Head Wooden Mop Handle, Junior, 7/8"" Diameter x 54"", Natural (Pack of 6)",,4.1 out of 5 stars
Spin Mop Replacement Handle 360 Degree Spin Mop Pole Handle Replacement Rotating Telescopic Handle Stick for Replacement Spinning Household Cleaning Accessories for Home(Cute Blue),,3.7 out of 5 stars
"Mop Replacement Handle - Stainless Steel Mop/Broom/Brush Replace Handle Compatible with O Cedar Spin Mop Head Refills, 4 Sections Combinable from 35"" to 59"", American Threaded End Joint",,4.4 out of 5 stars
"Spin Mop Replacement Handle, Upgraded Reinforced Locking 360° Spinning Adjustable Cleaning Mop, 2 Reinforced Locking Telescopic Rods + 3 Reusable Microfiber Mop Refills + 1 Stainless Steel Tray",,3.0 out of 5 stars
"Mop Handle Compatible with Swiffer,Detachable Extra Long Dry and Dust Mop Handle Fits for Swiffer(Mopping Cloths Not Included)",,4.2 out of 5 stars
"Quick-Change Mop Handle, 60"", Fiberglass, Yellow",,5.0 out of 5 stars
"Lightweight Adjustable & Extendable Aluminum Mop Pole with Ergonomic Handle 33 to 59 inches for Hard-to-Reach Areas, Ideal for Home and Commercial Cleaning",,4.3 out of 5 stars
"4-Section Spin Mop Replacement Handle, Mop Handle Compatible with Ocedar Spin Mop, 2.5-to-5 Foot Easy Cleaning Floor Mop Stick for Floor Cleaning",,4.5 out of 5 stars
"Tough Guy Mop Handle, Janitor Wing Nut, 60""",,
"UNS603 Screw Clamp Metal Head Wooden Mop Handle, #20 and Up, 1 1/8"" Dia. x 63""",,
"OFO Loop-End String Mop, Heavy Duty Commercial Industrial Mop with Extra Mop Head Replacement. Metal Head Mop with 59Inch Handle for Floor Cleaning",,4.6 out of 5 stars
"Commercial Mop Heavy Duty Industrial Cotton Mop with Long Handle,Looped-End String Wet Mops for Home,Garage,Office, Workshop, Warehouse Floor Cleaning",,4.4 out of 5 stars
"61 inch Mop Handle, Commercial Industrial Heavy Duty String Mop Floor Cleaner, Wet Mop with Long Adjustable Stainless Handle for Home, Garage, Office, Courtyard, Warehouse Floor Cleaning",,4.6 out of 5 stars
Loop End Cotton Commercial Mop Head Replacement with 59’ Telescopic Handle - String Kitchen Mops for Floor Cleaning with 3 Sizes | Heavy Duty Wet Floor Mop | Industrial Wet Mop Handle Set,,4.6 out of 5 stars
"Spin Mop Replacement Handle - 4 Section Mop or Broom Handle/Stick Compatible with O Cedar Spin Mop Refills and Brooms, 30"" to 58"", American Threaded Joint End (Mop Head Not Included)",,4.5 out of 5 stars
"4 Pack Spin Mop Replacement Heads Compatible for O Ceda EasyWring 1 Tank System, Microfiber Mops Head Refills, Easy to Replace, Included Base and Handle (Not Fit RinseClean)",,4.5 out of 5 stars
"Mop Handle Extension Rods, for Extending Flat Mop, Mop Replacement Handle, Adjustable Steel Mop Handle Rods, 5 Pack",,3.6 out of 5 stars
"4-Section Spin Mop Replacement Handle, Mop Handle Replacement Stick Compatible with Easywring Mop Handle, 30"" to 58"", Easy Floor Cleaning (Mop Head&Base not Included)",,
"Rubbermaid Commercial H116 Invader Side-Gate Wood Wet-Mop Handle, 1 dia x 60, Natural",,4.4 out of 5 stars
Commercial Heavy Duty Mop Stick 61 Inch Mop Handle with Adjustable Stainless Steel Handle Industrial Floor Cleaner Mop Stick Replacement Wet palo de trapeador (2 Pack),,
"LIBMAN 983 Resin Jaw Mop Handle,60"",PK6",,
"Spin Mop Replacement Handle - 4-Section 58"" Mop Replacement Stick Compatible with O-Cedar Vileda Triangle Spin Mop Base - Easy Wring Mop Handle Mop Pole for Floor Cleaning",,4.3 out of 5 stars
Genuine Joe Speed Change Mop Handle,,4.5 out of 5 stars
Twist and Shout Mop - Extra Set of Handle,,4.2 out of 5 stars
"Extended Spin Mop Replacement Mop Handle, Upgraded 60-inch 360 Degrees Rotating Telescopic Replacement Mop Stick for Spin Mop Bucket Cleaning System (Stainless Steel Disc, Blue)",,4.0 out of 5 stars
"Rubbermaid Commercial Products Snap-On Wire Dust Mop Frame, 24-inch, Compatible with Snap-On Mop Handle for Floor Cleaning Home/Kitchen/Bathroom/Lobby/Office/Restaurant",,4.1 out of 5 stars
"SPARTA 4023000 Plastic Broom Handle, Mop Handle With Reinforced Tip For Cleaning, 36 Inches, White",32,3.6 out of 5 stars
"Shurhold 112 Cotton String Mop (Handle Only) , White",22,4.2 out of 5 stars
"Mop, One Mop Handle with Two Blue Microfiber Cloth Mop Heads (1 Handle & 2 Mop Heads)",,4.5 out of 5 stars
"Matthew Large Commercial&Residential Mop Heavy Duty Industrial Mops w/Screw-on handle(Fit Standard American Screw)Looped-End String Wet Cotton Mops for Home,Office,Warehouse - 1 Set&2 Mop Replacements",,5.0 out of 5 stars
"Extendable Duster Mop Handle - Compatible with Refill,Detachable and Replaceable - Includes 3pc Extended Handles (3, Green)",,4.5 out of 5 stars
"Boardwalk 1490 Clip-On Dust Mop Handle, Lacquered Wood, Swivel Head, 1-Inch Dia. x 60in Long",,3.9 out of 5 stars
"Telescopic Replacement Handle, Extendable Broom Pole, Expands from 23"" to 54"" Length, Great for Brooms, Mops, Painting Rollers and Window Cleaning",18,
"Rubbermaid Commercial Products HYGEN Quick-Connect Ergonomic Extension/Extendable Handle/Stick, 48""-72"", Yellow, for Janitorial/Professional Microfiber Floor Cleaning/Mopping",,4.5 out of 5 stars
"Rubbermaid Commercial Products HYGEN Quick-Connect Straight Handle/Stick, 58 inch, Yellow, Lightweight for Janitorial/Professional/Industrial Microfiber Floor Cleaning and Mopping",,4.6 out of 5 stars
RCPQ75500YL00CT - Rubbermaid Commercial Hygen Quick Connect Handle,,4.4 out of 5 stars
"KeFanta Self-Wringing Twist Mop Replacement Handle, Heavy Duty Mop Handle Refills (Not Include Mop Head)",,3.6 out of 5 stars
IMIKEYA Mop Rod Chuck Replacement Mop Pole Clamp Mop Head Replacement Clamp Mop Stick Clip Mop Handle Clamp Mop Accessory Rod Clip Dust Putter Stainless Steel to Rotate Aluminum Alloy,,5.0 out of 5 stars
Detachable Rotary Mop Handle Mop Stick Pole with Mop Head Replacement for Efficient Cleaning Compatible with Various Mop Supplies,,
2pcs Floor Mop Broom Handle Grip Mop Handle End Cap Mop Rod Grip Sweeping Broom Stick Handle Grip Replacement Handle Accessories Black,,
"Broom Handle Threaded End,2 Set Threaded Tip Replacement Kit Threaded Tip Repair Kit Metal Threaded Handle Tips for 1"" Wood or Metal Poles Handle Replacement Extension Pole Adapter for Mop,Broom",,4.7 out of 5 stars
"Spin Mop Replacement Handle 360 Degrees Rotating Telescopic Replacement Handle Cleaning Tool Accessories Enhanced Thickened Version Blue,Spin Mop Pole Handle Replacement",,4.0 out of 5 stars
"Mop Handle, Quick Change, 62""",,
"Commercial Mop Heavy Duty Industrial Cotton Mop,Looped-End String Wet Mop for Floor Cleaning with Long Handle, Janitorial Mop for Home,Garage,Office, Workshop, Warehouse",,4.6 out of 5 stars
"Mop, Heavy Duty Loop End String Mop with 67Inch Stainless Steel , Commercial Industrial Grade Mop for Floor Cleaning, 2 Packs",,3.9 out of 5 stars
"Spin Mop Head, Base, Handle Replacement for O-Ceda EasyWring Microfiber Spin Mop, 2 Microfiber Mop Refills, 1 Triangle Mop Head Cover and 30-58in Mop Handle Set Combo (White(1 Tank System))",,4.5 out of 5 stars
"Dust Mop for Hardwood Floors with 57"" Long Handle Wet & Dry Mops for Catching Pet Hair and Dust Bunny Microfiber Dust Mops for Vinyl, Wood, Tile, Laminate Flooring",,4.4 out of 5 stars
"Heavy Duty Commercial Mop Industrial Cotton Mop with Extra Replacement Mop Head,Looped-End String Wet Mop for Floor Cleaning, Long Handle Janitorial Mop for Home,Garage,Office,Workshop, Warehouse",,4.6 out of 5 stars
"Spin Mop Replace Head, Base, Handle Compatible with O Cedar EasyWring Microfiber Spin Mop, 4 Mop Refills Replacement Heads, 30-58in Mop Handle and 1 Mop Base Combo Set (White (1-Tank System))",,4.4 out of 5 stars
4 Pcs Threaded Tip Replacement Ultra Threaded Tip Repair Kit Mop Handle Pole Handle Replacement Extension for 1 Inch Stick Mop Broom Wood Metal Pole Tail Adapter,,4.3 out of 5 stars
STOBAZA 5pcs Mop Handle End Cap with Hanging Hole Plastic Broom Handle Grip Replacement Floor Brush Handle Sleeve Mop Stick Attachment Broom Handle Tool,,
"3pcs Duster Handle, Plastic Replacement Detachable Dust Handle Mop Extended Handle Refill Compatible with Swiffer Mop Extension Handles (Blue,White)",,
4 Pack Mop Handle End Cap 22mm/0.86in Mop Rod Handles End Sleeve Replacement Grips for Reaching Pole Clothesline Stick Broom Tube Tail Hanger,,4.0 out of 5 stars
"Mop Handle End Cap: 25mm/1in Broom Handle Replacement Cap, 4pcs Mop Handle Grip Dustpan Rod Handle Grip Replacement, Mop Handle End Cap Cover Broom Handle Grip Mop End Cap, Red",,3.6 out of 5 stars
"85-Inch Wall Cleaner Mop with Long Handle, Wall Cleaning Mop, Window Cleaner Tool, Wall Mop, Baseboard Cleaning Tool, Wall Cleaner for Painted Walls, Mop for Walls and Ceilings",,3.6 out of 5 stars
"2PCS Broom Holder Magnetic Broom Hooks, Space-Saving Broom Mop Rake Rack, Stainless Steel Heavy Duty Broom Mop Handle",,
"Mop Handle, Side Gate, 54""",,
"Broom Handle Threaded End,2 Set Threaded Tip Replacement Kit Replacement End for Broom Metal Handle Adapter Poles Handle Replacement Extension Pole for 1/1.18 Inch Mop Handle,Broom,Cleaning Tool",,5.0 out of 5 stars
"12 Pk,Black Steel Compatible Rubber Cam Mop and Broom Holder,20400002570",,2.9 out of 5 stars
ABOOFAN 2pcs Mop Clip Floor Mop Clamp Mop Handle Replacement Mop Replacement Clamp Mop Handle Part Mop Head Clamps Mop Head Clips Mop Replacement Holder Mop Making Part Mop Head Holder,,
Stainless Steel Spin Mop Pole Handle with Microfiber Replacement Head for Floor Mop 360 Degrees Home Floor Cleaning Scraper for Home Office - Khaki,,4.0 out of 5 stars
"Spin Mop Replacement Mop Handle, 49-inch 360 Degrees Rotating Telescopic Replacement Mop Stick with Reinforced Plastic Disc for Spin Mop Bucket Cleaning System (Plastic Disc, Red)",,3.7 out of 5 stars
"Spin Mop Replacement Handle Compatible with O Cedar Mop Replace Head Base, 4-Section 2.5-to-5 Foot Mop Stick, Germany Screw (Mop Base&Refill not Included)",,4.7 out of 5 stars
"Spin Mop Replacement Handle Mop Head Base for O Ceda EasyWring 1-Tank System - Microfiber Mop for Floor Cleaning Set Include 2 Replace Mop Refills,1 Replacement Handle,1 Mop Base",,4.0 out of 5 stars
"Healvian 2pcs Threaded Tip Replacement,Broom Handle Mop Replacement Handle,Sweeping Broom Handle End Adapter,Broom Handle Threaded End,Pole Handle Replacement,American Threaded Tips Adapters",,
"D7520278 JM Ultra Plus Telescoping Mop Handle, Commercial Floor Mop Handle, Steel Gray & Orange, Extends 60-105cm (Short), 1-Count",30,3.0 out of 5 stars
20 Pack 25mm/1inch Broom Handle End Cap Mop Rod Reaching Pole Handle Grip Clothesline Stick Sleeve Replacement Head Grips Broom Handle End Cap Mop Rod Reaching Pole for Broom Hanger Repair Part,,
RCPQ760 - RUBBERMAID Commercial PROD. HYGEN 48 72amp;quot; Quick-Connect Ergo Adjustable Handle,,4.1 out of 5 stars
"Black Duck Brand 10 Pack Spring Grip Mop and Broom Holder for Shovel, Rake, Broom, Mop Holder, Etc. (10 Pack)",,4.3 out of 5 stars
"Rubbermaid Commercial Products HYGEN Quick-Connect Straight Extension/Extendable Handle/Stick/Pole, 4-8 Feet, Yellow, Lightweight for Janitorial/Professional/Industrial Microfiber Floor",,4.5 out of 5 stars
"Matthew 3 Set Threaded Tip Replacement,Ultra Threaded Tip Repair Kit Metal for 1"" Wood or Metal Poles Handle Replacement Extension Pole Adapter for Mop,Broom,Household Cleaning Tools",,5.0 out of 5 stars
"Broom Handle Threaded End,2 Pcs Threaded Tip Replacement Metal Broom Handle Adapter Broom Stick Pole Handle Replacement Extension Pole Adapter for Mop,Broom,Household Cleaning Tool",,
"Mop Handle, Janitor Wing Nut, 60""",,4.7 out of 5 stars
Healifty 2pcs Mop Handle End Cap Mop Rod Handles End Sleeve Replacement Grips Mop Rod Reaching Pole Handle for Mop Handles Tube Tail Hanger,,1.0 out of 5 stars
"Mop Handle, Stirrup, 61""",,
"Tough Guy Mop Handle, Screw On, 60""",,4.8 out of 5 stars
"3-Pack Heavy Mop Replacement Head,Commercial Industrial Grade Blue Cotton Ring Heads,Cotton Looped End String Cleaning Mop Head Refill,Applied to Mop of Clamping Side-Loading Handles",,4.5 out of 5 stars
"2 Spin Mop Head Replacement, 1 Base, 1 Mop Handle (30-58in) Combo Mop Set Compatible with OCedar EasyWring RinseClean Microfiber Mop (Blue (2-Tank System))",,4.6 out of 5 stars
"Dust Mop for Floor Cleaning with Washable Mop Pads, Long Handle Commercial Flat Large Mop ,Microfiber Wet Dry Mop for Hardwood Floor,Marble, Laminate Cleaning, Blue, VOUBIEN",,4.5 out of 5 stars
"2 Pack Scrub Brush Mop Replacement Heads Compatible for O ceda EasyWring 1 Tank System, Shower Floor Scrubber Head Used for Kitchen Tile Washroom, with 1 Base and Handle (Not fit 2 Tank)",,4.6 out of 5 stars
"Shower Scrubber 3 in 1 Extendable Long Handle 58"" Cleaning Brush - Non Scratch Shower Brush for Cleaning Bathroom Kitchen Toilet Wall Tub Tile Sink (Red)",,4.4 out of 5 stars
"Microfiber Spray Mop for Floor Cleaning, Dry Wet Wood Floor Mop with 3 pcs Washable Pads, Handle Flat Mop with Sprayer for Kitchen Wood Floor Hardwood Laminate Ceramic Tiles Dust",,4.3 out of 5 stars
"82.2"" Long-Handled Cleaning mop Suitable for Ceiling Windows and Floors, 360° rotatable, Comes with Extension Pole That can Extend from 22.8"" to 82.2"", 6 Replacement Fiber mop Pads.",,3.9 out of 5 stars
Threaded Tip Replacement Ultra Threaded Tip Repair Kit Aluminum Extension Pole End Adapter Metal Handle Tips for 1 Inch Wood Metal Pole Stick Mop Broom Brush (4 Pack),,4.2 out of 5 stars
Healifty 2pcs Mop Handle End Cap Mop Rod Handles End Sleeve Replacement Grips Mop Rod Reaching Pole Handle for Mop Handles Tube Tail Hanger,,1.0 out of 5 stars
4pcs Mop Handle End Caps 22mm Broom Rod Handle Grip Mop Rod Handles End Sleeve Replacement Grips for Reaching Pole Clothesline Stick Broom Tube Tail Hanger,,5.0 out of 5 stars
"Abco Wet Mop Handle, Light Size, Metal Head, 60"" Length, 15/16"" Dia",,5.0 out of 5 stars
"Broom Handle Threaded End,2 Pcs Threaded Tip Replacement Metal Broom Handle Adapter Broom Stick Pole Handle Replacement Extension Pole Adapter for Mop,Broom,Household Cleaning Tool",,
"Zhengmy 6 Pcs Threaded Tip Replacement, Broom Handle Threaded End, Pole Handle Replacement, Extension Pole Adapter Tips for Metal Broom(1 Inch)",,4.5 out of 5 stars
RCPQ760 - RUBBERMAID Commercial PROD. HYGEN 48 72amp;quot; Quick-Connect Ergo Adjustable Handle,,4.1 out of 5 stars
4 Pcs Threaded Tip Replacement for Mop Handles Threaded End Adapters for Mop Replacement Base Extension Pole Compatibility Easy Installation,,3.9 out of 5 stars
2Pcs Metal Chuck Mop Pole Adapter Row Mop Bar Clamp for Dorm Hotel and Home Use Mop Rod Connector for Efficient Cleaning Fit,,
"Mop Handle, Janitor Wing Nut, 60""",,4.7 out of 5 stars
MERRYHAPY Section Stainless Steel Mop Replacement Pole for Household and Commercial Use Broom Rod Compatible with Standard Mop Systems Lightweight and Easy to Use,,
"Mop, One Mop Handle with Two Microfiber Mop Heads (1 Handle & 2 Mop Heads) Blue",,4.2 out of 5 stars
"Spin Mop Replacement Mop Handle, 49-inch 360 Degrees Rotating Telescopic Replacement Mop Stick with Reinforced Plastic Disc for Spin Mop Bucket Cleaning System (Plastic Disc, Purple)",,3.7 out of 5 stars
"Duster Handle Only Compatible with Swiffer Duster Mop Extended Handle,Replacement Detachable Dust Handle Only,Extended Handle 3PCS",,4.5 out of 5 stars
"Broom Handle Grip Mop End Cap: 2 Pcs 22mm Rod Handle End Sleeve Replacement, Grip Broomstick Sleeve Mop Stick Handle Grip for Reaching Pole Clothesline Stick",,1.0 out of 5 stars
"Rubbermaid Commercial Products Quick-Connect Short Extension Mop Handle, 1.66 ft - 3.33 ft., Yellow, Cleaning tools for Floors/Walls/Ceilings/Windows in Homes/Business (Pack of 3)",41,
Mop Handle Threaded End Repair Kit 2pcs,,
Shurhold Standard Wave Mop Head,55,5.0 out of 5 stars
Healifty 2pcs Handle Tips for Poles Handle Tips for Wood Poles Metal Thread Tip Extension Pole Adapter Broom Handle Threaded Tip Tips for Handle American Style Stainless Steel Connector,,5.0 out of 5 stars
Mop Handle Extension M White,,
"Tough Guy Mop Handle, Screw On, 60""",,4.8 out of 5 stars
"Rubbermaid Commercial H226 Gripper Aluminum Mop Handle, 1 1/8 dia x 60, Gray/Yellow",,3.8 out of 5 stars
"2Pcs Threaded Tip Replacement for Mop, Broom Handle Threaded End Ultra Threaded Tip Repair Kit Metal Threaded Handle Tip Replacement Kit 1 Inch Extension Pole Adapter Tips for Mop Broom Brush",,4.6 out of 5 stars
"Tough Guy Mop Handle, Quick Change, 60""",,3.5 out of 5 stars
"Quickie 56-Inch Hardwood Mop Handle, 12-Pack",69,
"Mop Handle, Jaw, 60""",,
"2 Pack Mop Replace Head Compatible for O Ceda Spin RinseClean,Microfiber Mop Refills Heads,2 Pack Mop Replacement Heads for 4.33inch Core Mop Head+30-58in Mop Handle+1 Mop Base(Only 2-Tank System)",,4.5 out of 5 stars
"Mind Reader Mop Bucket with Wringer, 22 Qt (5.5 Gallon), Floor Cleaning, Handle, Wheels, 16.25""L x 10.75""W x 24.5""H, Yellow",43,3.8 out of 5 stars
"4 Pack Spin Mop Replace Head Compatible for O Ceda EasyWring 1-Tank Triangle System, Mop Replacement Head for 5.9inch Mop,Include 4 Mop Refill Heads+ 1 Mop Base+30-58In Mop Handle",,4.5 out of 5 stars
"Mop Head Replacement Commercial Heavy Duty String Blue Wet Mop Heads for 3 Typs Commercial Mop Handle(2,Large)",,4.3 out of 5 stars
"Spin Mop Replacement Head,Handle,Base for Ocedar EasyWring 1 Tank System,3 Pack Chenille Mop Refills Mop Replace Head,4-Section Sturdy Iron 30-58in Mop Handle,1 Mop Base Set Combo for O Cedar Spin Mop",,4.8 out of 5 stars
"Carlisle FoodService Products Mop Bucket with Side-Press Wringer & Soiled Water Insert for Floor Cleaning, Restaurants, Office, And Janitorial Use, Polypropylene, 35 Quarts, Red",111,4.4 out of 5 stars
UNS605 Quick Change Metal Head Mop Handle for No. 20 amp;amp; Up Heads,,5.0 out of 5 stars
Gatuida 4Pcs Threaded Tip Replacement Threaded Tip Repair Mop Handle Pole Handle Replacement Tail Adapter 22mm,,5.0 out of 5 stars
"Wall Cleaning Mop for Walls,Triangle Wall Mops for Washing Walls with 10 Pcs Disposable Pads and One Microfiber Pad for Baseboard,Ceiling Cleaning, Household Cleaning Tool with Long Handle",,4.2 out of 5 stars
Broom Holder Wall Mount Mop and Command Broom Hanger Organizer Wall Mount Self Adhesive (Double clip),,4.4 out of 5 stars
"3-H Mop and Broom Holder Big Size Hanging 1 KG Extra,Broom Hanger 4 Pack,Broom Holder Wall Mount for Hanging and Organizing Shove Rake Yard Tools in Shed Kitchen Laundry Room Bathroom Garden(black)",,4.3 out of 5 stars
"Libman 982 Quick Change Mop Handle,60"",PK6",,3.3 out of 5 stars
Stainless Steel Mop Bar Clamp Replacement Adapter Heavy Duty Mop Rod Clip for Floor Cleaning Mop Rod Clip Rotating Mop Part Pole Clip Mop Handle Replacement Chuck,,
"Restaurantware-Clean Tek Professional 17.7 Inch Flat Mop Plate Frame, 1 Quick Connect Mop Frame for Wet Or Dry Mop Pads - Mop Pads Sold Separately, Durable, Green Aluminum Cleaning Mop Pad Frame",17,
"Gatuida 2Pcs Broom Handle Threaded End, 0.8 Inch Threaded Tip Replacement Broom Handle Adapter Extension Pole Adapter Tips for Wood Metal Pole Stick M",,3.4 out of 5 stars
PRETYZOOM Mop Holder Wall Mount Mop Rod Chuck Broom Pole Clamp Mop Stick Adapter for Bathroom Mop Stick Clamp for Floor Cleaning Mop Stick Clip Mop Handle Clamp Lever to Rotate Thicken Stainless Steel,,4.0 out of 5 stars
"Plastic Jaws Mop Handle for 5 Wide Mop Heads, 60"" Aluminum Handle, Yellow",,3.5 out of 5 stars
Zurn JP1996-MH - Mop Hanger,53,5.0 out of 5 stars
"Spin Mop Handle,Head,Base Replacement Compatible with O-Cedar Easywring Microfiber Spin Mop - Replace 30-58in Stick/Pole+5Head Refill+1Base for Ocedar/O Cedar Easy Wring Spinning Mop Only 1Tank System",,4.4 out of 5 stars
"4PCS Extendable Duster Mop Handle,Extended Handle,Replacement Detachable Dust Handle Only,Duster Mop Extended Handle (Green,4Pcs)",,
"Spin Mop Handle Replacements for Oceda 4-Section Mop Replace Handle Compatible with O-Ceda Spin Mop Refills and Brooms, O ceda Mop Stick for Floor Clean, 30"" to 58"", Universal Fit Oceda Mop Head",,4.2 out of 5 stars
Spin Mop Pole Handle Replacement for Floor 360 Degrees Rotating Cleaning Tool (Blue),,3.6 out of 5 stars
"Broom Handle Threaded End, Threaded Broom Handle Threaded Tip Replacement 1 Inch Threaded Tip Repair Kit Poles Handle Replacement Extension Pole Adapter for Mop,Broom,Household Cleaning Tool",,1.0 out of 5 stars
Leifheit 56673 Click System Telescopic Handle,,4.5 out of 5 stars
"VMAI Handle Cordless Electric Mop, for P700 Electric Mop",,
"Contec 2644 Stainless Steel QuickConnect Telescoping Mop Handle, 16"" Length, Extends to 30""",174,5.0 out of 5 stars
"Vikan, Black Handle,Telescopic,62""-113"",AL, 2975",,2.8 out of 5 stars
"Clean Microfiber Flat Mop,Dry and Wet Cleaning,Telescopic Stainless Steel 180 Degrees,for Home Kitchen Office and All Floor Surfaces with Handle",,
Libman 981 Steel Mop Frame and Handle with Wingnut Mop Frame,,3.0 out of 5 stars
"Vikan, Yellow Handle,59"",FG, 2938",,4.3 out of 5 stars
Push Broom Handle Tip Replacement 2Pcs Threaded Tips Replacement Adapter Broomstick Threaded End for Mop Handle Pole Push Broom Handle Extension Poles Repairing,,4.5 out of 5 stars
"Carlisle FoodService Products 4022400 3-Piece Aluminum Handle with Standard Thread, 1"" Diameter x 60"" Length (Pack of 12)",101,
"Mop Suitable for Household Cleaning, Rotary Mop Household Mop Suction Handle Hands-Free Washing Office Long Thick Telescopic Rod Cleaning Supplies",,
"Spin Mop Replacement Handle and Mop Base Replacements for O Cedar EasyWring 1-Tank Spin Mop System,4-Section Iron Mop Handle 30-58in and 1 Mop Base and 1 Scrub Brush Cover Set Combo, Red",,4.6 out of 5 stars
"Spin Mop Replace Head with Base, Microfiber Mop Replacement Handle Compatible with EasyWring Microfiber Spin Mop, 4 PCS Spin Mop Refills Replace Heads, Blue (2-Tank System)",,4.8 out of 5 stars
"Spin Mop Replace Head, Base, Handle Replacement for OCedar EasyWring 1 Tank System, 2 Microfiber Mop Refills, 4-Section Sturdy Iron 30-58in Mop Handle, 1 Mop Head Cover and 1 Scrubber Mop Head Set",,4.4 out of 5 stars
"Mop Head Replacement Commercial Heavy Duty String Blue Wet Mop Heads for 3 Typs Commercial Mop Handle(1,Large)",,4.7 out of 5 stars
"20oz String Mop Heavy Duty for Floor Cleaning,Looped-End String Cotton Wet Mop Refills, 2 Pack Industrial Commerical Mop Replacement Heads with Long Handle for Kitchen,Garage",,4.8 out of 5 stars
"Sponge Mop, Roller Sponge Mop, Self Squeeze Sponge Mop, Stainless Steel Handle with 3 PVA Absorbent Mop Head Refills, for Home Commercial Use Tile Floor Bathroom Garage Cleaning",,3.6 out of 5 stars
"Mop Suitable for Household Cleaning, Rotary Mop Household Mop Suction Handle Hands-Free Washing Office Long Thick Telescopic Rod Cleaning Supplies",,
Ergonomic Replacement Bucket Handles WHITE 12 PACK,,4.6 out of 5 stars
"Tap Handle 3"" Tall/Black",,3.2 out of 5 stars
"Mop Handle Replacement for Ocedar 4 Section Spin Mop Handle Compatible with Ocedar Spin Mop Refills and Brooms, 30"" to 58"" Cedar Mop Stick for Floor Cleaning, American Threaded Joint",,4.4 out of 5 stars
"Mop Handle Replacement for Oceda 4 Section Mop Replace Handle Compatible with O-Ceda Spin Mop Refills and Brooms Cedar Mop Stick for Floor Clean, 30"" to 58"", American Thread Joint",,4.2 out of 5 stars
"Mop Handle Replacement,4 Section Compatible with O-Cedar Spin Mop Refills and Brooms O Cedar Mop Stick for Floor Clean, 30"""" to 58"""", Red",,4.3 out of 5 stars
"Mop Handle Commercial Heavy Duty, 60 inch Metal Commercial Mop Stick,Side Gate Mop Head Replacement Holder for Floor Cleaning,Clamp Mop Handles Quick Change for Wet Mop (1)",,4.2 out of 5 stars
O-Cedar Genuine Spin Mop Replacement Handle for EasyWring and EasyWring Rinse Clean,,4.5 out of 5 stars
2 Pack Sponge Mop Wringing Handle Replacement Universal Stainless Steel Sponge Roller Mop Pull Handle Puller Parts for Floor Mops Self Squeeze Wring Mop Self Wringing Sponge Mops,,
"Vikan, Green Handle,6.5"",PP, 2934",11,4.7 out of 5 stars
Azuma TSM557 Rotating Mop Spare Tornado Compact Rotating Mop with Handle Round,12,4.0 out of 5 stars
"VMAI Handle Cordless Electric Mop, Suitable for G700 Electric Mop",,3.5 out of 5 stars
Mop Handle Part M Black,,
Mop Suitable for Household Cleaning Rotary Mop Household Mop Suction Handle Hands-Free Washing Office Long Thick,"1,105",
"Self Wringing Mop Microfiber Twist Mop for Floor Cleaning, String Wet Floor Mop with Wringer Long Handled for Hardwood Vinyl, Tile, Commercial Household Clean,Safe on All Floor Types",,
Boardwalk BWK603,,4.6 out of 5 stars
Unger ED600,,4.7 out of 5 stars
"4-Section Spin Mop Replacement Handle，2.5-to-5 Foot Mop Stick Compatible with Triangle Spin Mop Base, Compatible with Ocedar Mop Handle for EasyWring Mop Refills (red)（Mop Head not Included）",,4.3 out of 5 stars
"COCONUT Mop Handle Commercial Heavy Duty, 60 inch Mop Stick Replacement Metal Adjustable Mop Pole for Industrial Household Floor Cleaning, 2 Pack",,3.4 out of 5 stars
Spin Mop Replacement Handle 360 Degree Spin Mop Pole Handle Replacement Rotating Telescopic Mop Handle Stick for Mop and Head Replacement Spinning Household Cleaning Accessories for Home (Black),,3.7 out of 5 stars
Mobile Broom and Mop Holder keeping your cleaning tools organized,,3.0 out of 5 stars
Ergonomic Replacement Bucket Handles BLUE 12 PACK,,4.6 out of 5 stars
"Mop Handle, Jaws, 54""",,
mop and Broom Holder Cleaning Organizer for Garage Organizer Janitorial cart Cleaning Tool,,4.6 out of 5 stars
Restaurantware RW Clean 61 Inch Mop Handle 1 Screw Clamp Commercial Mop Handle - Side-Release Design Heavy-Duty Gray Iron Mop Handle Replacement for Efficient Cleaning Mop Heads Sold Separately,,
Broom Handle Grip Mop End Cap: 2 Pcs Rod Handle Grip Broomstick Sleeve Mop Stick Handle Grip Broom Gripper Reaching Pole Handle Mop Rod Grip Plastic Replace Headgear,,1.0 out of 5 stars
2pcs Mop Handle End Caps Broom Rod Handle Grip Clothesline Stick Replacement Sleeve,,3.6 out of 5 stars
"Replacement Rod, Four Section Replacement Rod, Spin mop Replacement Handle, Spin mop Handle, Replacement Handle, 4-Section 30-to-58 inch Mop Replacement Stick",,
Stainless Steel Mop and Broom Holder with Wheels - Keep Your Cleaning Tools Organized! (S),,
"Mop Handle, Jaw, 60""",,
Pro Shot 10-12-16 Gauge Mop,6,4.6 out of 5 stars
"60"" Slide On Wet Mop Handle, Gray, Aluminum",,
"Spin Mop Head, Base, Handle Replacement for O-ceda EasyWring RinseClean Microfiber Spin Mop, 2 Microfiber Mop Refills, 1 Triangle Mop Head Cover and 30-58in Mop Handle (Blue (2-Tank System))",,4.5 out of 5 stars
"Mop Replace Heads Mop Handle and Mop Base Replacements for O Ceda EasyWring 1-Tank Spin Mop System, 2 Microfiber Mop Head Refills, 4-Section Iron Mop Handle 30-58in and 1 Mop Head Cover Set(No Bucket)",,4.5 out of 5 stars
"Spin Mop Replace Head, Base, Handle Compatible with O Cedar EasyWring RinseClean Microfiber Spin Mop, 4 Microfiber Mop Refills, 1 Triangle Mop Base and 58in Mop Handle (Blue (2-Tank System))",,4.4 out of 5 stars
"Broom Mop Holder Wall Mount Stainless Steel Tool Hanger Storage Organizer for Home, Kitchen, Garage, Garden, Laundry Room, Bathroom Organization and Storage(4 Racks 5 Hooks)",,4.6 out of 5 stars
"Zurn Z1996-36 Mop Service Basin, 36"" Length, 24"" Width, 10"" Height",250,3.6 out of 5 stars
"KLEEN HANDLER HEAVY DUTY Commercial Mop Head Replacement, Wet Industrial Cotton Looped End String Cleaning Mop Head Refill, Blue Mop, Universal Headband",10,4.6 out of 5 stars
Iris Ohyama Cleaning Supplies Mop Clean Water WASH Mop/Mop Handle,23,
"6 Pack Mop Replacement Head - CRTHL Mop Replacement Heads Compatible with Spin Mop, Microfiber Spin Mop Refills, Easy Cleaning Spin Mop Head Replacement, Mops Head for Floor Cleaning (6 Pack, White)",,4.4 out of 5 stars
3 Pack Broom Holder Wall Mount Mop Grippers No Drilling Self Adhesive Anti-Slip Mop Handle Hanger Dustpan and Broom Organizer-Grey…,,
"Mop Handle Commercial Heavy Duty, 60 inch Metal Commercial Mop Stick,Side Gate Mop Head Replacement Holder for Floor Cleaning,Clamp Mop Handles Quick Change for Wet Mop (2)",,4.2 out of 5 stars
"Spin Mop Replacement Handle - 4 Section 30"" to 58"" Mop Handle Replacement Stick Compatible with Ocedar Spin Mop and Brooms, Cedar Mop Stick for Floor Cleaning, Germany Screw Joint",,4.4 out of 5 stars
"Spin Mop Replacement Handle, 4 Section 30 Inch to 58 Inch Stainless Steel Mop Replacement Handle for O-Ceda Spin Mop EasyWring Triangle Spin Handle for Floor Cleaning（Black）",,4.2 out of 5 stars
"Lightweight Adjustable & Extendable Aluminum Mop Pole with Ergonomic Handle 33 to 59 inches for Hard-to-Reach Areas, Ideal for Home and Commercial Cleaning",,4.3 out of 5 stars
"Broom Handle Threaded End,2 Set Threaded Tip Replacement Kit Threaded Tip Repair Kit Metal Threaded Handle Tips for 1"" Wood or Metal Poles Handle Replacement Extension Pole Adapter for Mop,Broom",,4.7 out of 5 stars
"Spectrum Diversified Plastic Mop and Broom Holder, White, 11.25 in L x 1 in W x 3 in H",7,4.6 out of 5 stars
"Mop Handle, T Bar Head, 63""",,
"Thunder Group SLMBH003 Handy Hold Mop Holder, Nickel Plated, Pack of 12",55,1.0 out of 5 stars
Broom Holder Wall Mount with Reusable Suction Cup- Super Anti-slip Mop and Broom Holder – Damage Free Broom Hanger Wall Mount for Kitchen Closet Laundry Garage -Holds up to 7 lbs (2 Pack),,3.3 out of 5 stars
Healifty 2pcs Threaded Tip Replacement Threaded Tip Repair Kit Pole Handle Replacement Ultra Threaded Tip Repair Kit,,3.0 out of 5 stars
Boardwalk BWKFF610 2-Piece 1.5 in. Diameter x 59 in. Length Metal Handle with Plastic Jaw Head - Black/Yellow (1/Carton),22,
"Mop Handle, Janitor Wing Nut, 60""",,
"Adjustable Wall Mount Mop Broom Holder, 4 Pack, Gray, Plastic, Polyethylene",,3.7 out of 5 stars
Threaded End Replacement Adapter for Broom Handle Extension Pole Compatible with Kitchen Brooms for Indoor Sweeping Mop Stick and House Broom Accessories,,
"4-Section Spin Mop Replacement Handle，2.5-to-5 Foot Mop Stick Compatible with Triangle Spin Mop Base, Compatible with Ocedar Mop Handle for EasyWring Mop Refills (black)（Mop head not included）",,4.3 out of 5 stars
Garneck Mop Bar Clamp Mop Mop Mop Handle Clip Replacement Mop Handle Clip Mop Handle Clip Mop Rod Clip Replacement Mop Clip,,
"Spin Mop Replacement Handle - 4 Section 30"" to 58"" Mop Handle Replacement Stick Compatible with Ocedar Spin Mop and Brooms, Cedar Mop Stick for Floor Cleaning, Germany Screw Joint",,4.4 out of 5 stars
"12 Pcs Broom Holder Wall Mount Self Adhesive, 12 Racks 12 Hooks Mop and Broom Hanger Wall Mount, Metal Broom Organizer Wall Mount, Broom and Mop Holder Wall Mount Utility Hooks for Brooms and Mops",,
"4pcs Mop Gear for Ocedar, Replacement One Way Clutch Mop Pedal Broom Replacement Pedal Broom Rotate Bucket Bearing Gear Sprocket Repair for O-Cedar Vileda Rotate Mop",,4.8 out of 5 stars
KOOBOOK 5Pcs Easy Install Broom Handle Replacement Cap Universal 25mm Mop Handle End Cap Slip Resistant Plastic Mop Cap Red Broom Gripper Compatible with Most Mops Brooms,,
OXO Good Grips Wall-Mounted Mop and Broom Organizer & Good Grips Microfiber Delicate Duster,38,5.0 out of 5 stars
3-Position Magic Wall Holder/Stand Organizer for Household Broom/mop Cleaning Tools,,4.5 out of 5 stars
"Mop Handle, Side Gate, 60""",,
"Mop and Broom Holder, White",,
Hemoton 1 Set Mop Handle Sponge Mop Pull Handle Mop Replace Handles Mop Accessories Mop Part Handle Mop Grips Replacement Parts Universal Plastic Handle Replacement Mop Part Handle for Mop,10,
"Unger Pro Aluminum Handle for Floor Squeegees/Water Wands, Acme, 1 by 58 Inches, with Grip (AL14A)",,5.0 out of 5 stars
"Continuum Aquatics Aquablade Mop Attachment,Blue",15,4.6 out of 5 stars
"70"" Extendable Pole - Aluminum Frame Premium Microfiber Mop Handle",,
eous Handle for E700 Electric Mop,,
"4Pcs Mop Broom Holder No Drill SUS304 Stainless Steel, Heavy Duty Tool Organizer Rack Rake and Shovel Handle, Storage Rack Self Adhesive for Bathroom, Laundry, Kitchen, Garage, Garden",,
"Spin Mop and Bucket Set with 6 microfibra Mop Pads with Self Separation Dirty and Clean Water System, Self Wringing 360° Rotating Square Mop-Head (1 Bucket + 52'' Mop + 6 Microfibra Pads)",,4.7 out of 5 stars
"9PCS Broom and Mop Holder, Heavy Duty Garden Tool Organizer Rack Rake and Shovel Handle, Stainless Steel Mop Hanger. Screws for Wall Mounted. Matte Black",,4.5 out of 5 stars
"Matthew Spin Mop Replace Head Kit,Base,Handle Compatible with EasyWring Microfiber Spin Mop,4 Mop Refills Replacement Heads,30-58in Mop Handle and 1 Mop Base Combo Set White (1-Tank System)",,4.7 out of 5 stars
"Spin Mop Head, Base, Handle Replacement Scrub Brush Compatible for 1 Tank OCedar System EasyWring Microfiber Spin Mop,4 Pack Mop Head Replacement (White(1-tank System))",,4.6 out of 5 stars
"KLEEN HANDLER Bulk Pack of 6 HEAVY DUTY Commercial Mop Head Replacement, Wet Industrial Cotton Looped End String Cleaning Mop Head Refill, Blue Mop",,4.6 out of 5 stars
eous Handle for E700 Electric Mop,,
"Mop Handle, Jaw, 60"", Blue",,
"IMILLET Plastic Mop and Broom Holder 2 Pack, Stainless Steel Broom Holder 1 Pack Black",,
"2pcs Threaded Tip Replacement Threaded Pole Handle Tip Repair Extension Pole Adapter Tips Threaded Handle Tips End Adapter for Wood Metal Pole Stick Mop Broom Brush, F8911918JNICJC05A5967",,3.8 out of 5 stars
Garneck 2pcs Handle Tips for Poles Pole Adapter for Mop Tip for Telescopic Pole Connector Push Broom Handle Parts Extension Pole Adapter Household Cleaning Tools Broomstick Plastic Thread,,
"Jack Richeson 694006-12 Sandpaper Block with Wood Handle, 1.9"" Height, 2.7"" Width, 6.9"" Length, Brown (Pack of 12)",25,5.0 out of 5 stars
LeLuv EasyOp TGrip Vacuum Pump Handle with Release Valve - Blue,,4.4 out of 5 stars
"12 Gauge Mopster-10-Inch Length, Brass (MPS)",12,4.3 out of 5 stars
1Set Replacement Mop Handle Mop Pole for Brooms Mop Stick Replacement for Floor Cleaning Durable Mop Rod with Ergonomic Grip for Household and Industrial Use,,
"Grand Fusion Wall or Door Mounted Adhesive Broom Holder for Brooms or Mops with Handles, Cleaning Caddy, Hooks Included for Extra Storage, No Tools Needed, Pack of 4",,4.3 out of 5 stars
"Broom Holder Wall Mount, Multifunctional No Punch Mop Clip Self Adhesive Anti-Slip Mop Handle Hanger Dustpan and Broom Organizer Cute Cartoon Seamless Mop Chuck Mop Holder(Bright Orange)",,
Suction Cup Mop Clip 2Pcs Anti-Slip Multi-Function Self Adhesive Mop Holder Wall Mounted Brush Broom Mop Hanger,,
Spin Mop Replacement Handle 360 Degree Spin Mop Pole Handle Replacement Rotating Telescopic Handle Stick for Replacement Spinning Household Cleaning Accessories for Home(Green),,3.7 out of 5 stars
Hemoton Replacement Mop Stick Iron Mop Replacement Handle Broom Rods Mop Head Replacement Handle Plastic,16,
Broom Handle Stainless Steel Replacement Stick for Floor Cleaning Broom Stick for Household and Commercial Use,,3.4 out of 5 stars
Usably Mop Holder,,3.0 out of 5 stars
Hemoton 2pcs Broom Accessory Handle Broom Handle End Threaded Tip Replacement Broom Handle Replacement Broom Handle Grip Mop Clothesline Pole Handle End Cap Plastic Clothes Rail Head Cover,,
"CAC China MHLP-TW57 Mop Handle Poly Thumbwheel Frame with Side-Gate 57""",,
"Restaurantware-Clean Tek Professional 15.7 Inch Flat Mop Plate Frame, 1 Quick Connect Mop Frame for Wet Or Dry Mop Pads - Mop Pads Sold Separately, Durable, Green Aluminum Cleaning Mop Pad Frame",15,
Hemoton Mop Handle Replacement 146cm Long 4 Sections and Sturdy Stainless Steel Construction,16,
"GOFLAME Mop Broom Holder 5 Position 6 Hooks Home Kitchen Broom Storage Tool Organizer Wall Mounted Organizer-Mop,White",,4.0 out of 5 stars
"DOERDO 4PCS Multifunctional Mop Holder Punch-Free Mop Holder Practical Mop Clips Broom Hanger for Bathroom Garden Garage, White",,3.1 out of 5 stars
"4pc Mounting Clamp Organize Your Bathroom with Ease - Wall-Mounted Mop and Broom Holder with Self-Adhesive Spring Clip, Grey",,2.6 out of 5 stars
Holibanna Broom Handle Threaded End: 2pcs Threaded Tip Replacement Pole Handle Adapter Tips for Wood Metal Pole Stick Mop Broom Brush Black,,2.8 out of 5 stars
Broom Hanger Wall Mount 4 PCS Mop Holder Self Adhesive Gripper for Home,,
"Matthew Microfiber Mop Replacement Compatible with Microfiber Cloth Mop Refill,Stainless Steel Spin Mop Replacement 54"" Handle with Wet Mop for Floor Cleaning (2 Mop Heads w/1 Handle)-Green",,4.0 out of 5 stars
"Spin Mop Replace Head, Mop Handle and Base Compatible with Ocedar EasyWring 1-Tank System, 2 Mop Replacement Head, 4-Section Sturdy Iron 30-58in Mop Handle and 1 Triangle Mop Head Cover Combo Set",,4.3 out of 5 stars
"2 Pack Spin Mop Replacement Head,1 Base,4-Section Sturdy Iron Mop Handles Compatible with O Ceda EasyWring RinseClean 2 Tank System Mop,Oceda Mop Refills and Mop Stick 30"" to 58"" Set to Floor Clean",,4.5 out of 5 stars
"Spin Mop Head, Base, Handle Replacement Scrub Brush Compatible for 2 Tank OCedar System EasyWring Microfiber Spin Mop,4 Pack Mop Head Replacement (Blue (2-tank System))",,4.6 out of 5 stars
"Matthew Microfiber Mop Replacement Compatible with Microfiber Cloth Mop Refill,Stainless Steel Spin Mop Replacement 54"" Handle with Wet Mop for Floor Cleaning (2 Mop Heads w/1 Handle)-Blue",,4.0 out of 5 stars
"Masthome Sponge Mop,Roller Sponge Mop with 3 Absorbent Sponge Mop Refills,Self Squeeze Sponge Mop and Stainless Steel Handle,PVA Sponge Mops for Floor Cleaning",,3.7 out of 5 stars
Screw Clamp Metal Head Mop Handle UNS 603,,1.0 out of 5 stars
"Tough Guy 1ECL5 Mop and Broom Rack, 36 In by Tough Guy",,
cleangang - Telescopic Handle for Flat mop MasterGloss Made of Aluminium - Telescopic Handle extendable with Double Locking System - Ergonomically Shaped mop Telescopic Rod - Mop Telescopic 1 Piece,32,
"Mop and Broom Rack, Silver, StainlessSteel",,5.0 out of 5 stars
"CAC China MHLM-ST57 Mop Handle Metal Stirrup Frame 57""",,
Triangle Mop Head Mop Replacement Floor Mop Adjustable Triangle Cleaning Mop Rotatable Chenille Wall Cleaner with Telescopic Handle,,
Hemoton 2pcs Rotating Mop Rod Mop Handles Telescopic Mop Handle Stick Domestic Straight Mop Rods Mop Handle Replacement Stick Commercial Cleaning Mop Handle Mop Poles Green Stainless Steel,34,
OSALADI 2 Pcs Suction Cup Hook Mop and Broom Hanger Broom Holder Mop Broom Gripper Mop Broom Organizer Nail White Mop Holder,,
"Thunder Group SLMBH024 Mop Holder, 24"" x 4"", 18/8 Stainless Steel",10,
"Vikan, White Handle,40"",SS, 2983",122,3.9 out of 5 stars
Garneck Mop Bar Clamp Mop Mop Mop Handle Clip Replacement Mop Handle Clip Mop Handle Clip Mop Rod Clip Replacement Mop Clip,,
Superior 5 Slot Mop and Broom Organizer (White),,3.4 out of 5 stars
"O-Cedar Replacement Handle for Dual-Action Flip Mop, Hardwood Floor ‘N More, Dual-Action Dust Mop, Power Corner Broom, Angle Broom, Microfiber Cloth Mop",,4.3 out of 5 stars
"Microfiber Cloth Mop Replacement Compatible with All Standard US Threading Pole &0.8"" Diameter Mop Handle– 3 Packs",,4.4 out of 5 stars
Gala Spin Mop Broom Handle Stick with Microfiber Head Refill Stainless Steel Pole for 360° Floor Cleaning,,
"360 Degree rotatable Adjustable Triangle Cleaning mop, Elescopic Cleaning MopCleaning Mop , Multifunctiona Push-PullAutomatic Squeezing Mop, Wet and Dry, Baseboard Cleaner Tool with Handle (Blue)",,
Azuma Mop Clip Handle Mop SP Head Width: Approx. 9.1 inches (23 cm) Clip Handle Mop Replacement Thread OXSP340WH,22,
"Restaurantware-Clean Tek Professional 23.6 Inch Flat Mop Plate Frame, 1 Quick Connect Mop Frame for Wet Or Dry Mop Pads - Mop Pads Sold Separately, Durable, Green Aluminum Cleaning Mop Pad Frame",20,
Hemoton Mop Rod Accessories Spins Mop Pole Handle Extendable Mop Pole Mop Replacement Head Rotating Mop Handle Mop Replacement Stick Handle Telescopic Mop Pole Mop Handles Purple Plastic,21,
Amosfun Mop Rod Chuck Mop Head Replacement Clamp Mop Stick Replacement Clip Mop Handle Clamp Mop Replacement Parts Mop Replacement Clamp Broom Parts Mop Stick Clamp Stainless Steel Silver,11,
"360° Rotatable Cleaning Mop,Adjustable Cleaning Mop,Triangle Microfiber Mop with Long Handle,Imitation Hand Twist Quick Dry Mop,for Hardwood Windows Floor Wall Tile Dust（1pcs）",,
Animop Handle Mop Cat PK,21,
"360°Rotatable Adjustable Cleaning Mop, Adjustable Reusable Spin Mop Stick Telescopic Triangular mop, for Floor Ceiling Wall Car Window, Stainless Steel Handle with 2Pcs Cloth (Blue White Mop) (Blue)",,
Hemoton 5pcs Mop Rod Chuck Mop Stick Replacement Clip Mop Handle Clamp Stick Mop Replacement Mop Pole Replacement Clip Mop Accessory Rod Clip Mop Rod Adapter Silver Stainless Steel,26,
Hemoton 2 Sets Broom Handle Flusher Broom Holder Pet Hair Removal Broom Brooms Mop Replacement Dusters for Cleaning Kitchen Carpet Broom Hook Handles Sturdy Dustpan Handle Grey Plastic,13,
Hemoton 3 Sets Mop Stick Mop Handle Replacement Telescopic Mop Handle Stick Pool Skimmer Broom Stick Pole Palo Holder Broom Handle Mop Part Pole Broom Replace Handle Rod Stainless Steel,30,
"Spin Mop Replacement Head Compatible with Ocedar EasyWring 1 Tank System, 2 Microfiber Mop Refills Mop Replace Head, 4-Section Sturdy Iron 30-58in Mop Handle, 1 Base and 1 Scrubber Mop Head Combo Set",,4.5 out of 5 stars
"Spin Mop Replace Head, Mop Handle and Base Compatible with Ocedar RinseClean 2-Tank System, 3 Mop Replacement Head, 4-Section Sturdy Iron 30-58in Mop Handle and 1 Triangle Mop Head Cover Combo Set",,4.3 out of 5 stars
"Spin Mop Replacement Head, Base, Handle Compatible with Ocedar Mop Set EasyWring 1-Tank Microfiber Spin Mop, 2 Mop Refills Replacement Heads, 30-58in Mop Handle and 1 Mop Base Combo Set",,4.6 out of 5 stars
"2 Pack Spin Mop Replace Heads,Mop Heads Replacement Compatible for EasyWring 1-Tank System,Microfiber Spin Mop Heads,40% More Cleaning Power,30-58'' Mop Handle and Mop Base(Not Fit 2-Tank)",,4.2 out of 5 stars
"Broom and Mop Holder Wall Mounted, Stainless Steel Self-Adhesive Single Broom Hanger Hook,Organizer Rack for Kitchen Garage Closet Pantry Refrigerator,Rectangle - Orange (4 Pack)",,4.5 out of 5 stars
"4 Pcs Stainless Steel Broom Holder, Heavy Duty Garden Tool Organizer Rack Rake and Shovel Handle, Rust Resistant Broom Holder Wall Mount for Kitchen Bathroom Closet Garden Garage, Light Gray",,4.0 out of 5 stars
Hemoton 2 Sets Broomstick Mops Broom Pole Replacement Mop Stick Mop Accessory Rod Mop Handle Replacement Mop Handles for Floor Cleaning Mop Stick for Floor Cleaning Mop Part Pole Plastic,23,
Amosfun 1 Set Spliced ​​mop Rod Mops an Fittings Mop Handles for Floor Cleaning Replacement Mop Rod Mop Part Pole Mop Stick Replacement Broom Rods Broom Pole Stainless Steel Silver,14,
Amosfun 1 Set Mop Rod Accessories Detachable Mop Pole Mop Handle Stick Telescopic Mop Handle Mop Replace Pole Rotating Mop Rod Adjustable Mop Handle Mop Pole with Mop Base Plastic Blue,19,
Amosfun 1 Set Window Cleaner Rod Mop Handle Replacement Stick Telescoping Broom Handle Telescopic Mop Pole Spins Mop Pole Handle Broom Brush Pole Replacement Mop Part Pole Stainless Steel,14,
"4pcs No-Punch Mop Hooks Broom Hooks, Blue Stainless Steel Strong Seamless Adhesive Suitable for Walls, Bathrooms",,
Hemoton 5pcs Mop Clip Accessories Mop Replacement Clamp Mop Handle Accessories Mop Handle Part Floor Mop Clamp Mop Replacement Holder Detachable Mop Clip Mop Handle with Clamp Pp Red,27,
"Mop Holder with Hook Wall Mount Broom Gripper, Self Adhesive Anti-Slip Handle Hanger, Dustpan and Broom Organizer",,
Treasure Gurus Reusable Self Adhesive Broom Mop Hangers Tools Hooks Set Hanging Home Wall Organization,,
Amosfun 2 Sets Broom Mop Rod Adjustable Mop Pole Mop Rod Replacement Mop Replace Stick Retractable Mop Handle Mop Stick Replacement Mop Pole Handle Mop Pole Replacement Broom Pole Plastic,17,
"uxcell 2pcs Mop Broom Holder Wall Mount, 304 Stainless Steel Mop Holder Self Adhesive Broom Hanger with Screws, Suitable for Bathroom, Laundry Room, Dark Grey",,
"Mop/Broom Holder, 6 Handle, 34 in",,
"85"" Wall Mop, Adjustable Pole Wall Cleaning Mop with Long Handle with Extension Rod 39"" to 85"", Base Wall Cleaning Mop 360° Rotatable Triangle Microfiber Mop, 6 Removable Washable Mop Pads",,
Broom Holder No Punching Mop Holder Fashionable Wall Mounted Organizer for Brush Mop Broom,,
"Portable Mini Mop, Self Squeeze Small Mop with Fluted Cotton Tip Washable Cleaning Hand Mop for Home Bathroom Desktop",,
4 Pcs Mop Broom Holders Wall Mounted Broom Organizers with Eight Screws Anti-slip Mop Holders for Storing Brooms Mops Umbrellas Cleaning Brushes and Garden Tools,,4.0 out of 5 stars
"360° Rotatable Adjustable Cleaning Mop,Extendable Triangle Mop with Long Handle and Replacement Pad,Microfiber Dust Mop Reusable Home Hardwood Floor Mop",,
"Chapuis rst13 Sling – Guidance – Working Load 2 kg Galvanised Steel Diameter 0 Spring Set of 3, 6 mm, Length 50 mm, Grey, Set of 3)",11,3.4 out of 5 stars
Telescopic Handle Metal Swivel End Piece 74 > 130 cm Anthracite,14,
"Metal Broom Handle Fixed Tip 47"" Taupe",13,
FX Handle,24,4.4 out of 5 stars
IMILLET 2 PACK Plastic Mop and Broom Holder and 1 PACK Stainless Steel Broom Holder,,
"QWORK Spring Grip Mop and Broom Holder, 20 Pack Indoor and Outdoor Hanging Storage for Large Equipment such as Shovels, Rakes, Brooms, and Mops",,5.0 out of 5 stars
Mop Squeeze Foldable Cotton HeadReplace Household Cleaning Mopping Telescopic Handle Free Hand Washing(Blue),164,
Bvdsg Self Wringing Double Sided Flat Mop Telescomfortable Handle Mop Floor Cleaning Tool for Living Room Kitchen,275,
"9PCS Broom and Mop Holder, Heavy Duty Garden Tool Organizer Rack Rake and Shovel Handle, Stainless Steel Mop Hanger. Screws for Wall Mounted. Silver.",,4.5 out of 5 stars
"Spin Mop Head Replacement Mop Handle Mop Base Compatible with O-Cedar EasyWring Spin Mop 1 Tank System,Include 4 Microfiber Mop Head Refills,1 Mop Stick(30""-58"") and 1 Triangle Mop Base Combo Set",,4.7 out of 5 stars
"Baluue Mop Head Clips, 16cm Mop Handle Replacement Clamps Detachable Mop Head Clamp Mop Head Holder Mop Making Part for Mop Holder Accessories",,
"KLEEN HANDLER Pack of 3 HEAVY DUTY Commercial Mop Head Replacement, Wet Industrial Cotton Looped End String Cleaning Mop Head Refill, Blue Mop",,4.6 out of 5 stars
"5 Pieces Mop Heads Replacements Set Compatible with O Cedar Easy Wring 1 Tank System, 2 Pack Microfiber Mop Replace Head, 1 Pack Mop Handle, 1 Pack Scrub Brush, 1 Mop Base for for Floor Cleaning",,4.4 out of 5 stars
"Upgraded Spin Mop Head Replacement Set Compatible with Ocedar EasyWring Spin Mop, 2 Mop Replace Head Refills +30-58in Mop Handle +Mop Base +Scrub Brush Combo Set for O-Cedar 1 Tank System",,4.5 out of 5 stars
"Telescopic Ext. Pole, 56""L, Nylon, Alum.",,5.0 out of 5 stars
"Rubbermaid 60"" Aluminum Invader Handle",,
"Mop and Broom Wall Mount Bracket Stainless Steel self-Adhesive Broom mop Heavy Duty Stand with Hook Hanger Black Without diamonds从Suitable for Bathroom, Kitchen, Office (4 Pieces)",,1.0 out of 5 stars
manyo Green 3 Size Handle 18-036,27,
"Flat Mops, Floor Mop Triangular 180° Rotary Iron Rod Telescopic Chenille Mini Mop for Wall Window Car Kitchen Bathroom Blue",,
"Floor Mop Triangular 180° Rotary Iron Rod Telescopic Chenille Mini Mop for Wall Window Car Kitchen Bathroom Blue, Bathroom Mop",,
"Powerful Suction Cup Safety Handle for Shower and Bathroom, Skid Proof Grip for Glass Doors, Windows, Mirrors, and Cabinets, Ideal for Kitchen and Bathtub Use, Large Silve",,
"OKJHFD Professional Microfiber Mop,Extendable Mop 180 Degree Rotatable Triangular Cleaning Mop, Lightweight Design for Home Wall Ceiling Floor Cleaning(Green)",,
Amosfun 2pcs Mop Clip Heavy Duty Hook Wall Mounted Clothes Hanger Dustpan Clips Mop Wall Holder Broom Clip Holder Heavy Duty Dust Pan Wall Shelf Organizer Mop Gripper Broom Hook Abs Pink,9,
"Shovel Handle Replacement Anti-Collision Polymer D Grip Shovel Handle, Easy Replace Ergonomic Small Shovel for Snow Shovel Digging Raking,Shovel Handle",,
"UNBOSTEN Broom Mop Holder,Mop Broom Holder, Waterproof and Moisture-Proof Strong Bearing Capacity,No Drill Mop Holder Wall Mounted with Hooks Hanger,Mop Broom Organizer for Bathroom.-Gold||45 * 410mm",,
Raft Stirrup Handle,19,
"(PROD351 24"" x 48"" Telescoping Handle",17,
"Stand for Brooms, RAKES, SQUEEGEES, MOPS, Brushes, Shovels and TROWELS",,5.0 out of 5 stars
Evriholder MH-5 Magic Holder Broom & Mop Organizer,,
Teramoto BM-2 hoki telescopic handle gray,24,3.4 out of 5 stars
A Nice Big Cleaning Cart Broom mop Holder - Efficient and Convenient Cleaning Solution,,4.7 out of 5 stars
"PATIKIL Broom Holder, 4 Pack Mop Hanger Wall Mount Self Adhesive No Drilling Mop Dustpan Organizer Grippers for Storage Garden Home Laundry Room Closet, Pink",,
IMILLET 2 PACK Plastic Mop and Broom Holder and 2 PACK Stainless Steel Broom Holder,,
"Gorilla Grip Anti Fatigue and Mop and Broom Holder, Both in Brown, Anti Fatigue Mat Size is 70x24, Mop Holder has 5 Slots, 2 Item Bundle",,
"MUTUACTOR 2pack Strong Magnetic Hooks for Hanging,2pack Magnetic Mop Broom Holder",,
Prince Castle Mop and Broom Holder - Organize Your Space and Keep Kitchen Clutter at Bay - For Commercial Kitchens and Food Service Establishments,,5.0 out of 5 stars
"PATIKIL Broom Holder, 2 Pack Mop Hanger Wall Mount Self Adhesive No Drilling Mop Dustpan Organizer Grippers for Storage Garden Home Laundry Room Closet, Grey Pink",,
"Heavy Duty Magnetic Mop Broom Holder, Strong Magnetic Broom Mop Hanger,",,
"2 Pack Spin Mop Replace Head Compatible for EasyWring 1-Tank Triangle System, Mop Replacement Head for 5.9inch Mop,Included Mop Base+30-58In Mop Handle",,4.5 out of 5 stars
Gatuida 2pcs Mop Head Push Broom Handle Threaded Tip Replacement Plastic Thread Tip Threaded Handle Tips Handle Tips for Extension Poles Handle Threaded End Pole Adapter for Broom,,5.0 out of 5 stars
"Self Wringing Mop Floor Cleaning, Easy Squeeze Twist Mop with 52.5 Inches Long Handle and Mop Head, Heavy Duty Wet Mops for Cleaning Hardwood Tile Vinyl Laminate Floors (White)",,3.9 out of 5 stars
"18"" Professional Microfiber Mop Floor Cleaning mop, Flat Mop with Stainless Steel Handle,2 Reusable Washable Mop Pads and mop Pads Brush,Microfiber Mop for Hardwood, Laminate (Blue)",,4.4 out of 5 stars
"2 Pack Broom Hanger and Mop Holder, Heavy Duty Garden Tool Organizer Rack Rake and Shovel Handle, Stainless Steel Wall Mounted Utility Rack with Screws (3 Racks with 4 Hooks, Matte Black).",,4.5 out of 5 stars
"7 Pieces Mop Heads Replacements Set Compatible with O Cedar Easy Wring 1 Tank System, 4 Pack Microfiber Mop Replace Head, 1 Pack Mop Handle, 1 Pack Scrub Brush, 1 Mop Base for for Floor Cleaning",,
MUTUACTOR 4Pack Magnetic Broom Mop Holders for Garage Kitchen Laundry,,
"Heavy Duty mop,Industrial mop,Broom with Dustpan Combo Set for Home Office ktichen",,
"Spin Mop, Floor Mop 3Pcs/Set Triangular 180° Rotary Iron Rod Telescopic Chenille Mini Mop for Wall Window Car Kitchen Bathroom Green",,
"Floor Mop, 3Pcs Triangular 180° Rotary Iron Rod Telescopic Chenille Mini Mop for Wall Window Car Kitchen Bathroom Green, Cleaning Supplies",12,
"3 Pack Mop and Broom Holder Wall Mount, Broom Organizer Wall Mounted, Stainless Steel Storage Organizer Hooks, Heavy Duty Tools Hanger for Home, Kitchen, Garden, Garage, Laundry (3 Racks 4 Hooks)",,5.0 out of 5 stars
Mop & Broom Wall Clip (2),12,
Magic Sticker Self Adhesive Multifunction Wall Mounted Mop Broom Holder,,
"Gorilla Grip LED Tactical Handheld Flashlight and Mop and Broom Holder, Flashlight 750FT Zoom, Ultra Bright 5 Mode, Mop Contain 5 Slot 6 Hooks, Garden Tools, Both in Black, 2 Item Bundle",,
"Triangular Mop for Children 4PCS 6.30x6.30 inch Rotatable Mini Mop Bathroom Mop Replacement Wall Mop Shower Mop for Home Wall Ceiling Floor Cleaning Blue, Triangular Mop",,
2Pcs Bathroom PunchLess Strong WallMounted Stick Hook Mop Hanger Storage Rack,,
"SUBMARINE Mop Broom Hook, Nail Free Wall Adhesive Hook, Non Slip Broom Rack, Saving Space, Used for Finishing Brooms, Mops and Garden Tools (light blue)",,
4Pcs Strong Water Counteractive Hooks No Punch and No Trace Mop Hanger Creative Red Broom Holders,,
Mop Hook Non-Perforated mop Rack Toilet Strong Wall-Mounted mop rag Fixing Clip-White,,
Mop Hook Non-Perforated mop Rack Toilet Strong Wall-Mounted mop rag Fixing Clip-Ash,,
NA 304 Stainless Steel mop Clip Hole Free mop Hook Bathroom Broom mop Rack Single Small Square Green,,
NA 304 Stainless Steel mop Clip Hole Free mop Hook Bathroom Broom mop Rack Single Small Square Grey,,
Premium 4 Pack Mop Holder Mop Clip Broom Holder Wall Mount Waterproof Self Adhesive for Home Kitchen Bathroom Super Easy Installation - Clear Color,,
Premium 4 Pack Mop Holder Mop Clip Broom Holder Wall Mount Waterproof Self Adhesive for Home Kitchen Bathroom Super Easy Installation - Silver Color,,
Portable Mop Clip Holders Wall Mounted Tool Organizers with Strong Suction Without Damage to Wall Decoration Home Accessory,10,
Floor Mop Triangular 180° Rotary Iron Rod Telescopic Chenille Mini Mop for Wall Window Car Kitchen Bathroom Blue Bathroom Mop Small Mop Floor Mops Mini Mop,,
Non-Marking Suction Cup mop Hanger Toilet Non-Perforated mop Rack Mop clamp Bathroom clamp Hanger White,,
"RoLTin Stainless Steel mop Clip, Non Perforated Bathroom Wall Mounted mop Clip, Storage Hook",,
"Mop Squeeze Foldable Cotton HeadReplace Household Cleaning Mopping Telescopic Handle Free Hand Washing (Color : Blue, Size : 28cm blue mop) (Blue 28cm blue mop)",316,
"Bvdsg Microfiber Floor Mop for Hardwood Cleaning 360 Rotating Dust Wet Mop with Aluminum Extended Handle, Reusable Washable Mop Pads Cloth",372,
"3PCS Broom and Mop Holder, Heavy Duty Garden Tool Organizer Rack Rake and Shovel Handle, Stainless Steel Mop Hanger. Wall Mounted Utility Rack with Screws, Matte Black",,4.5 out of 5 stars
2pcs Broom Accessory Handle Broom Gripper Broom Handle Grip Broom Stick Handle Grip Clothesline Pole Handle Mop Stick Handle Grip Mop Handle Grip Cover Floor,,
"Spin Mop Replacement Head, Base, Mop Handle for Oceda EasyWring 1 Tank System, 2 Microfiber Mop Refills, 4-Section Sturdy Iron 30-58in Mop Stick, 1 Triangle Mop Head Cover and 1 Scrubber Mop Head Set",,4.4 out of 5 stars
"JELLYSUB Broom and Mop Grippers, 6 Broom Holders, 24 Removable Adhesive Strips, No Tools Household Cleaning Supplies Organizer, Damage Free Broom Holder Wall Mount",,3.8 out of 5 stars
"BonusLife Replacement Part Set for Oceda EasyWring Spin Mop 1-Tank System Only, 1 Handle, 1 Base, 4 Refills",,4.6 out of 5 stars
"Mop, One Mop Handle with Two Blue Microfiber Cloth Mop Heads (1 Handle & 2 Mop Heads)",,4.5 out of 5 stars
Bvdsg Lazy Flat Mop Stainless Steel Handle House Cleaning Dust Water for Wooden Floor Ceramic Tile Microfibre Fabric Head,257,
"Wall Mounted Mop Holder,2PCS Multi-Functional Broom Rack,Hanging Broom Holder,Broom Hanger Shelf,Double-position Broom Mop Holder",,
Imitation Hand Screw Horizontal Plate mop Black,,
高砂 Hand Mop Spare nsm036,18,
Hemoton 8 Pcs Mop Head Broom Holder Wall Mount Tip Window Squeegee Adaptor Broom Hanger Extension Pole Connector Mop Holder Wall Mount Threaded Adapters Squeegee Pole Adapter Plastic Black,13,
"Pilipane Wall Mounted Mop and Broom Holder Stainless Steel S Type Broom Rack Avoid Slip Mop Lunch Box, Space Aluminum Wall Mounted S‑Shaped (1)",15,
Free Punching mop Rack Bathroom Rack mop Rack Wall Hanging Mop Mop Rack Power Hook Hanging mop Fantastic Mopping Tool,,
Mop Rack Broom Holder Hook Strong Seamless Punch-Free mop Clip Hook mop Clip,,
Mop Rack Broom Holder Hook Strong Seamless Punch-Free mop Clip Hook mop Clip,,
Mop Rack Broom Holder Hook Strong Seamless Punch-Free mop Clip Hook mop Clip,,
Mop Rack Broom Holder Hook Strong Seamless Punch-Free mop Clip Hook mop Clip,,
Floor Mop 3Pcs/Set Triangular 180° Rotary Iron Rod Telescopic Chenille Mini Mop for Wall Window Car Kitchen Bathroom Green,,
"TOZRY® Premium Stainless Steel Wall-Mounted Broom and Mop Stick Holder, Heavy-Duty Adhesive Mop Broom Holder for Home or Office (3 shelf 4 Hook), Silver, BH 02",,3.0 out of 5 stars
"5 PCS Broom and Mop Holder Wall Mount, Self Adhesive Broom Hanger for Home Garage Garden Laundry Room Storage, Wall Mounted Tool Organizer Rack for Brooms, Mops, Vacuum Cleaners",,
Household Goods Storage mop Hook Toilet Bathroom Strong Adhesive Hook mop clamp no Mark mop Rack White,,
Household Goods Storage mop Hook Bathroom Magic Paste Strong Adhesive Hook mop Clip Traceless mop Rack Nordic Green,,
Amosfun 4pcs Mop Clip Wall-Mounted Mop Racks Punch- Mop Hook Hanging Broom Holder Single Broom Holder Mop Hanger Broom Mop Dustpan Hanger Garage Broom Holder Mop Holder Plastic Black,10,
"TOZRY® Premium Stainless Steel Wall-Mounted Broom and Mop Stick Holder with Three Racks and Four Hooks, Heavy-Duty Adhesive Mop Broom Holder for Home or Office (1 Piece), Silver, BH 01",,
Mop Clip Toilet Wall Mount Mop Hook Mop Hanger Fixing Buckle Nordic Black,,
"Lifewit Anti-Slip Mop and Broom Holder, 53-Inch Stainless Steel Pole, Holds Up to 6 Pounds, One-Handed Push, Easy to Assemble",,
"Gorilla Grip Mop and Broom Holder and Under Sink Mat Liner, Broom Holder 5 Slot 6 Hooks Easy Install, Absorbent Mats in Size 24x24 Inch Machine Washable, 2 Item Bundle, Both in Gray",,
"NA Mop Hook, mop Rack,",,
NA 304 Stainless Steel mop Clip Hole Free mop Hook Bathroom Broom mop Rack Single Generous Style Black,,
NA 304 Stainless Steel mop Clip Hole Free mop Hook Bathroom Broom mop Rack Single Long Term Green,,
"Spin Mop Replace Head,Base,Handle Set for OCedar EasyWring 1 Tank Spin Mop System,2 Microfiber Mop Refills,4 Section Stainless steels 30-58in Mop Handle,1 Mop Head Cover and 1 Scrubber Mop Head Set",,4.5 out of 5 stars
"6 PCS Blue Microfiber Mop Replacement Compatible with All Standard US Threading Pole &0.8"" Diameter Mop Handle",,4.4 out of 5 stars
"Spin Mop Replace Head, Base and Mop Handle Compatible with Oceda RinseClean 2-Tank System, 2 Microfiber Mop Refills, 4-Section Sturdy Iron 30-58in Mop Handle and 1 Triangle Mop Head Cover Combo Set",,3.8 out of 5 stars
Broom Holder Wall Mount - 12 Pack Mop Hanger Cleaning Tools Handle Grippers Organizers - Heavy Duty Metal Broom Clip Hooks for Laundry Room Utility Closet Garage Garden Bathroom (Black),,4.3 out of 5 stars
Adhesive Broom Holder Wall Mount - 9 Pack Mop Hanger Cleaning Tools Handle Grippers Organizers - Heavy Duty Metal Broom Clip Hooks for Laundry Room Utility Closet Garage Garden Bathroom (Black),,4.3 out of 5 stars
"12PCS Broom and Mop Holder, Heavy Duty Garden Tool Organizer Rack Rake and Shovel Handle, Stainless Steel Mop Hanger. Wall Mounted with Screws.Matte Black",,4.5 out of 5 stars
"Premium Essentials Mop & Broom Holder - Maximize Your Storage Space!, White",,
Mop and Broom Holder Wall Mount Heavy Duty Broom Holder Wall Mounted Tool Storage For Home Kitchen Garden (White),,
【 Seamless Nail Free Mop Clip 】 Mop Tool Clamp Bathroom Hanger Wall Hook Mop Clip,,
"Mop Broom Holder, Super Anti-Slip Utility Hook Self Adhesive No Drilling Mop Broom Holder Wall Mounted Broom Clip Mop Clip 4-Pack Suitable for Home, Bathroom, Kitchen, Garden, Garage",,
Bathroom Mop & Broom Holder Waterproof Oilproof Storage Organizer for Brooms Rakes Umbrella Mops,,
"Mop Broom Holder Wall Mounted, Hole Free Broom Mop Closet Hook, Broom Mop Holder Broom Storage Rack, Suitable for Kitchen Garden Garage Closet Office Utilities Organization. 2-Pack",,
"MUTUACTOR 2pack Strong Magnetic Hooks for Hanging,2pack Magnetic Mop Broom Holder",,
"PATIKIL Broom Holder, 4 Pack Mop Hanger Wall Mount Self Adhesive No Drilling Mop Dustpan Organizer Grippers for Storage Garden Home Laundry Room Closet, Pink Blue",,
"PATIKIL Broom Holder, 3 Pack Mop Hanger Wall Mount Self Adhesive No Drilling Mop Dustpan Organizer Grippers for Storage Garden Home Laundry Room Closet, Pink",,
"Wall Mounted Mop Lunch Box Holder No Drilling Plastic Bathroom Wall Mounted Mop Clip Hook Bathroom Avoid Slip, Broom Holder, Broom Dustpan Hanger (Pink), Broom Holder, Wall Mounted Mop Lunch Box H",,
"Wall Mounted Mop lunch box Holder No Drilling Plastic Bathroom Wall Mounted Mop Clip Hook Bathroom avoid Slip , Broom Holder , Broom Dustpan Hanger (Blue) , Broom Holder , Wall Mounted Mop lunch box H",,
"Wall Mounted Mop lunch box Holder No Drilling Plastic Bathroom Wall Mounted Mop Clip Hook Bathroom avoid Slip , Broom Holder , Broom Dustpan Hanger (White) , Broom Holder , Wall Mounted Mop lunch box",7,
304 Stainless Steel Mop Rack Bathroom Toilet Mop Hook Broom Rack Broom Stand Wall Mounted Wall Mop Clip Bathroom Storage 5 Clips 4 Hooks,,
"Mop Holder, Household mop Holder, Kitchen and Bath mop Hanger Hook Magic mop Holder, with 5 Ball Slots and 6 Hooks. White",,
Evriholder Magic Holder 3-9/32 in. H x 2-13/16 in. W x 12-9/16 in. L Plastic Broom/Mop Holder 1 pk,,
Fluffy Handy Mop(for Dusting Handy Mop),21,3.9 out of 5 stars
2022 New Flat X-Type mop Hand-Free Household Lazy mop Floor Special 2022 New a Drag That is Clean,,
"PATIKIL Broom Holder, 4 Pack Mop Hanger Wall Mount Self Adhesive No Drilling Mop Dustpan Organizer Grippers for Storage Garden Home Laundry Room Closet, Gray Pink, Blue, White",,
Powerful Traceless Pulley mop Clip Free Punch Hanging Broom Rack Bathroom mop Hook Sticky Crochet Rack (Pink),,
Powerful Traceless Pulley mop Clip Free Punch Hanging Broom Rack Bathroom mop Hook Sticky Crochet Rack (Green),,
Powerful Traceless Pulley mop Clip Free Punch Hanging Broom Rack Bathroom mop Hook Sticky Crochet Rack (Gray),,
"Leadigol 4PCS Self-Adhesive Mop Holder,Wall Mounted Mop Holder Broom Hanger Storage Rack Mop Umbrella Stand for Kitchen",,
Broom Rack Bathroom Mop Hook Hook Hanger,,
"Triangle Mop,Multifunctional Mini Triangle Cleaning Mop,180 Degree Rotatable Adjustable Triangle Cleaning Mop, Wet and Dry, for Bathroom Floor Wall Bed Bottom",,
"2PCS Broom Holder Magnetic Broom Hooks, Space-Saving Broom Mop Rake Rack, Stainless Steel Heavy Duty Broom Mop Handle Holder",,4.8 out of 5 stars
2PCS Magnetic Broom Rack Magnetic Hook S-Shaped Wall-Mounted Stainless Steel Heavy Duty Broom Mop Handle Holder for Kitchen Garage,,5.0 out of 5 stars
GANAZONO 2pcs Tips for Handle Broom Handle Threaded End Threaded Tip Repair Kit Handle Tips for Poles Extension Pole Adapter Household Telescopic Rod Threaded Head mop Head Stainless Steel,,
"JELLYSUB Broom and Mop Grippers, 4 Broom Holders, 16 Removable Adhesive Strips, No Tools Household Cleaning Supplies Organizer, Damage Free Broom Holder Wall Mount",,3.8 out of 5 stars
"Mop, One Mop Handle with Two Blue Microfiber Cloth Mop Heads (1 Handle & 2 Mop Heads)",,4.5 out of 5 stars
"YeYeBest Mop Handle Commercial Heavy Duty - 60 inch Metal Commercial Mop Stick, Adjustable for Industrial & Household Floor Cleaning, 1Pack",,4.3 out of 5 stars
"Triangle Mop,Multifunctional Mini Triangle Cleaning Mop,180 Degree Rotatable Adjustable Triangle Cleaning Mop, Wet and Dry, for Bathroom Floor Wall Bed Bottom",,
"Triangle Mop,Multifunctional Mini Triangle Cleaning Mop,180 Degree Rotatable Adjustable Triangle Cleaning Mop, Wet and Dry, for Bathroom Floor Wall Bed Bottom",,
"Broom Holder, Plastic No Drilling Mop Broom Holder, Wall-Mounted Mop Broom Hanger Storage Rack, for Kitchen Bathroom Office Garage Garden Cleaning Tools Pink 3Pcs",30,
"MUTUACTOR 2pack Strong Magnetic Hooks for Hanging,2pack Magnetic Mop Broom Holder",,
"MUTUACTOR 2pack Magnetic Coat Hooks for Hanging,2pack Magnetic Mop Broom Holder",,
"MUTUACTOR 2pack Strong Magnetic Hooks for Hanging,2pack Magnetic Mop Broom Holder",,
Broom/Mop Clamping Hanger (1pc),,
Practical Kitchen Wall Mounted Mop Holder 3 Position Bathroom Storage Mop Brush Broom Organizer Hanger Home Organizers,,
"360 Degree Rotatable Adjustable Triangle Cleaning Mop,Imitation Hand Twist Quick Dry Mop Automatic Water Squeezing Function,for Wall Ceiling Window,Blue",,
Grippers Mops Hold Wall Mount Mops Rack Hold SelfAdhesive Nodrillings Super Brooms Mops Dustpan Hangings Mops Holder,4,
"Gorilla Grip Mop and Broom Holder and Absorbent Door Mat, Both in Gray Color, Mop Holder Includes 5 Slots, Door Mat Size 29x17, 2 Item Bundle",,
"Gorilla Grip Anti Fatigue and Mop and Broom Holder, Both in Brown, Anti Fatigue Mat Size is 24x17, Mop Holder has 5 Slots, 2 Item Bundle",,
5 Position Mop Broom Holder Tool Kitchen Organizer Wall Mounted Hanger 5 Position Bathroom Mop Broom Holder Organizing Tools,,
Mop Baseboard Brush Buddy Extendable Microfiber Cleaning Mop Brush Simply Cleaner for Home,,
"MUTUACTOR 2pack Super Strong Magnetic Hooks for Hanging,2pack Magnetic Mop Broom Holder",,
"Gorilla Grip Mop and Broom Holder and Absorbent Door Mat, Both in Black Color, Mop Holder Includes 5 Slots, Door Mat Size 29x17, 2 Item Bundle",,4.0 out of 5 stars
Powerful Traceless Pulley mop Clip Free Punch Hanging Broom Rack Bathroom mop Hook Sticky Crochet Rack (Gray),,
nifao Hands-Free Lazy mop Square Household one mop mop Good Things Rotary mop,,
Bvdsg Mop Squeeze Foldable Cotton Headreplace Household Cleaning Mopping Teleshandle Free Hand Washing/34Cm Blue Mop/28Cm Blue Mop,177,
"Bvdsg Sham Wow Mop with Removable Mop Head, Dust and Floor Mop Sweeper with Adjustable Lengthhine Washable, Super Absorbent and Lightweight",245,
Bvdsg Double Drive Rotary Mop Household Lazy Stainless Steel Pole Mop Automatic Hand Pressure Barrel,519,
Bvdsg Double Drive Rotary Mop Household Lazy Stainless Steel Pole Mop Automatic Hand Pressure Barrel,425,
Bvdsg Microfiber Mop Hand Release Washing Mop Floor Cleaning Dust Mops，Household Stainless Steel Lazy Mop,289,
Bvdsg Floor Mops Flat Towel Flat Mop Large Dual-Use Wooden Mop，for Home Kitchen and All Floor Surfaces,289,
"Self Wringing Mop Floor Cleaning, Easy Squeeze Twist Mop with 52.5 Inches Long Handle and Mop Head, Heavy Duty Wet Mops for Cleaning Hardwood Tile Vinyl Laminate Floors",,3.9 out of 5 stars
"Professional Microfiber Flat Mop Clamp Style for Hardwood Floor Cleaning, Wet and Dry Dust Rotation Mop with 2 Mop Pads and Adjustable Handle, Green-Gray",,4.3 out of 5 stars
"Ipetboom Mop Head Clamp Holder - Mop Head Handle Clamp,Mop Head Detachable Clamp Mop Making Part,Replacement Mop Making Part for Mop Holder Accessories (Red)",,4.5 out of 5 stars
"Mop Handle Replacement Compatible with swiffer mop, Mop Stick Compatible with swiffer Sweeper Mop, 4-Section 44"" Mop Handle Replacement Stick (Mop Head&Base not Include)",,3.3 out of 5 stars
"82.2"" Long-Handled Cleaning mop Suitable for Ceiling Windows and Floors, 360° rotatable, Comes with Extension Pole That can Extend from 22.8"" to 82.2"", 6 Replacement Fiber mop Pads.",,3.9 out of 5 stars
"Eyliden 17"" Rubber Squeegee Broom - Telescopic Handle, Window & Floor Scrubber, Soft Push & Scraper Squeegee Mop for Bathroom, Shower, Glass, Kitchen, Floors, Remove Water Foam Floor Scraper",,4.3 out of 5 stars
Bvdsg Double Drive Rotary Mop Household Lazy Stainless Steel Pole Mop Automatic Hand Pressure Single Barrel,561,
Bvdsg Double Drive Rotary Mop Household Lazy Stainless Steel Pole Mop Automatic Hand Pressure Ouble Barrel,458,
"COCONUT Mop Handle Commercial Heavy Duty, 60 inch Mop Stick Replacement Metal Adjustable Mop Pole for Industrial Household Floor Cleaning, 1 Pack",,3.9 out of 5 stars
"SPARTA 4023000 Plastic Broom Handle, Mop Handle With Reinforced Tip For Cleaning, 36 Inches, White",32,3.6 out of 5 stars
"Mop Handle Commercial Heavy Duty - 60 inch Metal Commercial Mop Stick,Side Gate Mop Head Replacement Holder for Floor Cleaning,Clamp Mop Handle Quick Change for Wet Mop (2)",,5.0 out of 5 stars
"Healvian 2pcs Threaded Tip Replacement,Broom Handle Mop Replacement Handle,Sweeping Broom Handle End Adapter,Broom Handle Threaded End,Pole Handle Replacement,American Threaded Tips Adapters",,
Stainless Steel Mop Bar Clamp Replacement Adapter Heavy Duty Mop Rod Clip for Floor Cleaning Mop Rod Clip Rotating Mop Part Pole Clip Mop Handle Replacement Chuck,,
4pcs Mop Handle End Caps 22mm Broom Rod Handle Grip Mop Rod Handles End Sleeve Replacement Grips for Reaching Pole Clothesline Stick Broom Tube Tail Hanger,,5.0 out of 5 stars
